"source","term_name","term_id","adjusted_p_value","negative_log10_of_adjusted_p_value","term_size","query_size","intersection_size","effective_domain_size","intersections"
"GO:MF","molecular_function","GO:0003674","0.000019937885008153444","4.7003209131259105","17055","353","202","39530","LOC111131721,LOC111136710,LOC111136736,LOC111121126,LOC111103474,LOC111127822,LOC111133473,LOC111099738,LOC111122323,LOC111122337,LOC111109904,LOC111110538,LOC111124617,LOC111121595,LOC111120891,LOC111120892,LOC111119597,LOC111121460,LOC111121095,LOC111120052,LOC111120050,LOC111118943,LOC111121380,LOC111120668,LOC111120667,LOC111119904,LOC111120542,LOC111122041,LOC111119390,LOC111119384,LOC111122184,LOC111121901,LOC111121989,LOC111120189,LOC111120135,LOC111120488,LOC111120714,LOC111119826,LOC111122281,LOC111118587,LOC111118591,LOC111120270,LOC111119527,LOC111121527,LOC111120388,LOC111119759,LOC111123111,LOC111122736,LOC111126461,LOC111125194,LOC111126760,LOC111126423,LOC111123250,LOC111124238,LOC111125041,LOC111125040,LOC111122629,LOC111123535,LOC111124758,LOC111124757,LOC111123885,LOC111123710,LOC111123703,LOC111130275,LOC111130883,LOC111130599,LOC111130899,LOC111131462,LOC111130738,LOC111129474,LOC111129477,LOC111129918,LOC111131730,LOC111131488,LOC111129238,LOC111131830,LOC111131560,LOC111131056,LOC111129691,LOC111129828,LOC111129299,LOC111129857,LOC111129858,LOC111129786,LOC111136051,LOC111136760,LOC111137049,LOC111135725,LOC111138472,LOC111135614,LOC111136174,LOC111135147,LOC111136184,LOC111137071,LOC111132160,LOC111136305,LOC111136304,LOC111137505,LOC111137718,LOC111136310,LOC111099230,LOC111134340,LOC111134341,LOC111138049,LOC111132178,LOC111133522,LOC111132186,LOC111134699,LOC111134700,LOC111137562,LOC111137949,LOC111136239,LOC111133534,LOC111136237,LOC111136234,LOC111136236,LOC111136235,LOC111134969,LOC111135001,LOC111133341,LOC111133343,LOC111137731,LOC111135360,LOC111135053,LOC111137761,LOC111136180,LOC111136723,LOC111137319,LOC111136448,LOC111136449,LOC111136451,LOC111135575,LOC111132244,LOC111134961,LOC111135868,LOC111135869,LOC111135867,LOC111136935,LOC111136727,LOC111137552,LOC111137553,LOC111137596,LOC111135795,LOC111134649,LOC111134641,LOC111137365,LOC111138013,LOC111138392,LOC111137819,LOC111135002,LOC111135841,LOC111135843,LOC111132115,LOC111132209,LOC111099069,LOC111138175,LOC111138386,LOC111138387,LOC111135753,LOC111135746,LOC111135736,LOC111135742,LOC111135739,LOC111135744,LOC111135748,LOC111135738,LOC111135754,LOC111135745,LOC111135734,LOC111135740,LOC111135741,LOC111138462,LOC111135946,LOC111133801,LOC111133803,LOC111133802,LOC111134966,LOC111137040,LOC111137041,LOC111136036,LOC111136549,LOC111134273,LOC111135726,LOC111132337,LOC111132338,LOC111133489,LOC111136769,LOC111138064,LOC111136126,LOC111133010,LOC111135491,LOC111135492,LOC111136272,LOC111136270,LOC111136266,LOC111136263,LOC111136264,LOC111136267,LOC111136279,LOC111138112,LOC111099222,LOC111133224"
"GO:MF","G protein-coupled receptor activity","GO:0004930","0.0005378802730913481","3.2693143832970253","750","23","6","39530","LOC111121126,LOC111133473,LOC111099738,LOC111109904,LOC111121595,LOC111121460"
"GO:MF","catalytic activity","GO:0003824","0.000543434085652004","3.2648531249422006","5656","327","77","39530","LOC111136710,LOC111136736,LOC111103474,LOC111119597,LOC111120052,LOC111120050,LOC111121380,LOC111120668,LOC111120542,LOC111122041,LOC111120189,LOC111120135,LOC111118587,LOC111118591,LOC111119527,LOC111121527,LOC111125194,LOC111126760,LOC111123250,LOC111124758,LOC111124757,LOC111123710,LOC111130883,LOC111130599,LOC111131462,LOC111130738,LOC111129477,LOC111131730,LOC111131830,LOC111131560,LOC111136051,LOC111136760,LOC111135147,LOC111136310,LOC111099230,LOC111134340,LOC111138049,LOC111132178,LOC111134699,LOC111134700,LOC111137562,LOC111137949,LOC111133534,LOC111136237,LOC111136234,LOC111136236,LOC111136235,LOC111135001,LOC111137731,LOC111135360,LOC111136180,LOC111136723,LOC111136449,LOC111136451,LOC111132244,LOC111134961,LOC111135867,LOC111136727,LOC111137596,LOC111135795,LOC111135002,LOC111135841,LOC111138175,LOC111138386,LOC111135736,LOC111135739,LOC111135744,LOC111135754,LOC111135740,LOC111135741,LOC111138462,LOC111135946,LOC111137040,LOC111137041,LOC111136549,LOC111135726,LOC111132337"
"GO:MF","alcohol binding","GO:0043178","0.0018469286930697213","2.73354987164376","8","350","3","39530","LOC111138392,LOC111138462,LOC111138112"
"GO:MF","transmembrane signaling receptor activity","GO:0004888","0.0018469286930697213","2.73354987164376","1211","54","9","39530","LOC111121126,LOC111133473,LOC111099738,LOC111109904,LOC111121595,LOC111121460,LOC111119904,LOC111120714,LOC111122281"
"GO:MF","molecular transducer activity","GO:0060089","0.0018469286930697213","2.73354987164376","1238","54","9","39530","LOC111121126,LOC111133473,LOC111099738,LOC111109904,LOC111121595,LOC111121460,LOC111119904,LOC111120714,LOC111122281"
"GO:MF","signaling receptor activity","GO:0038023","0.0018469286930697213","2.73354987164376","1238","54","9","39530","LOC111121126,LOC111133473,LOC111099738,LOC111109904,LOC111121595,LOC111121460,LOC111119904,LOC111120714,LOC111122281"
"GO:MF","serine-type endopeptidase activity","GO:0004252","0.00424144168055038","2.3724865001321476","81","45","3","39530","LOC111120542,LOC111122041,LOC111120189"
"GO:MF","serine-type peptidase activity","GO:0008236","0.005614942652675668","2.2506546749775356","96","45","3","39530","LOC111120542,LOC111122041,LOC111120189"
"GO:MF","serine hydrolase activity","GO:0017171","0.005614942652675668","2.2506546749775356","96","45","3","39530","LOC111120542,LOC111122041,LOC111120189"
"GO:MF","transaminase activity","GO:0008483","0.0073822032964071995","2.1318139990628593","20","258","3","39530","LOC111135147,LOC111135360,LOC111137596"
"GO:MF","transferase activity, transferring nitrogenous groups","GO:0016769","0.0073822032964071995","2.1318139990628593","20","258","3","39530","LOC111135147,LOC111135360,LOC111137596"
"GO:MF","oxidoreductase activity","GO:0016491","0.009504922142967498","2.022051436191287","845","371","19","39530","LOC111121380,LOC111123710,LOC111138049,LOC111133534,LOC111136237,LOC111136234,LOC111136236,LOC111136235,LOC111135001,LOC111136451,LOC111134961,LOC111135740,LOC111135741,LOC111135946,LOC111137041,LOC111132337,LOC111135491,LOC111099985,LOC111100706"
"GO:MF","transferase activity","GO:0016740","0.009504922142967498","2.022051436191287","1896","321","30","39530","LOC111136710,LOC111103474,LOC111120050,LOC111118587,LOC111118591,LOC111119527,LOC111125194,LOC111124758,LOC111124757,LOC111130599,LOC111130738,LOC111129477,LOC111131560,LOC111136051,LOC111136760,LOC111135147,LOC111136310,LOC111099230,LOC111134340,LOC111137949,LOC111135360,LOC111135867,LOC111136727,LOC111137596,LOC111135841,LOC111138175,LOC111138386,LOC111138462,LOC111137040,LOC111136549"
"GO:MF","oxidoreductase activity, acting on the CH-OH group of donors, NAD or NADP as acceptor","GO:0016616","0.009504922142967498","2.022051436191287","58","243","4","39530","LOC111133534,LOC111136237,LOC111136236,LOC111134961"
"GO:MF","organic cyclic compound binding","GO:0097159","0.012407782110291884","1.9063058416555059","4124","31","10","39530","LOC111131721,LOC111136710,LOC111103474,LOC111127822,LOC111120891,LOC111120892,LOC111119597,LOC111120050,LOC111118943,LOC111121380"
"GO:MF","heterocyclic compound binding","GO:1901363","0.012407782110291884","1.9063058416555059","4122","31","10","39530","LOC111131721,LOC111136710,LOC111103474,LOC111127822,LOC111120891,LOC111120892,LOC111119597,LOC111120050,LOC111118943,LOC111121380"
"GO:MF","chloride:monoatomic cation symporter activity","GO:0015377","0.012407782110291884","1.9063058416555059","6","300","2","39530","LOC111135748,LOC111135738"
"GO:MF","monoatomic anion:monoatomic cation symporter activity","GO:0015296","0.012407782110291884","1.9063058416555059","6","300","2","39530","LOC111135748,LOC111135738"
"GO:MF","oxidoreductase activity, acting on CH-OH group of donors","GO:0016614","0.012407782110291884","1.9063058416555059","68","243","4","39530","LOC111133534,LOC111136237,LOC111136236,LOC111134961"
"GO:MF","inositol 1,4,5-trisphosphate-sensitive calcium-release channel activity","GO:0005220","0.012407782110291884","1.9063058416555059","5","350","2","39530","LOC111138392,LOC111138112"
"GO:MF","vitamin binding","GO:0019842","0.013418330061501334","1.872301529636649","103","306","5","39530","LOC111135147,LOC111135360,LOC111132244,LOC111137596,LOC111138462"
"GO:MF","transcription regulator activity","GO:0140110","0.013418330061501334","1.872301529636649","490","340","12","39530","LOC111131056,LOC111132160,LOC111136305,LOC111136304,LOC111137505,LOC111137718,LOC111132186,LOC111137553,LOC111135795,LOC111135746,LOC111134966,LOC111135492"
"GO:MF","pyridoxal phosphate binding","GO:0030170","0.013418330061501334","1.872301529636649","71","258","4","39530","LOC111135147,LOC111135360,LOC111132244,LOC111137596"
"GO:MF","protein binding","GO:0005515","0.013418330061501334","1.872301529636649","5402","438","83","39530","LOC111103474,LOC111110538,LOC111124617,LOC111120891,LOC111119597,LOC111121095,LOC111119390,LOC111121901,LOC111121989,LOC111120488,LOC111118587,LOC111120388,LOC111119759,LOC111123111,LOC111126423,LOC111125041,LOC111125040,LOC111124758,LOC111130275,LOC111129474,LOC111129918,LOC111131488,LOC111129238,LOC111129691,LOC111129828,LOC111129299,LOC111129858,LOC111129786,LOC111137049,LOC111135725,LOC111138472,LOC111136174,LOC111136184,LOC111134341,LOC111132178,LOC111133522,LOC111136239,LOC111134969,LOC111133341,LOC111133343,LOC111135053,LOC111137761,LOC111136448,LOC111135575,LOC111135869,LOC111136935,LOC111137552,LOC111134649,LOC111134641,LOC111137365,LOC111138013,LOC111132115,LOC111132209,LOC111099069,LOC111138387,LOC111135753,LOC111135739,LOC111135734,LOC111137040,LOC111132338,LOC111133489,LOC111136769,LOC111136126,LOC111133010,LOC111136272,LOC111136266,LOC111136263,LOC111136267,LOC111101783,LOC111102580,LOC111103915,LOC111103349,LOC111103347,LOC111103350,LOC111109267,LOC111106478,LOC111114923,LOC111114925,LOC111114895,LOC111111430,LOC111111852,LOC111117761,LOC111117151"
"GO:MF","binding","GO:0005488","0.013418330061501334","1.872301529636649","11708","439","160","39530","LOC111131721,LOC111136710,LOC111103474,LOC111127822,LOC111110538,LOC111124617,LOC111120891,LOC111120892,LOC111119597,LOC111121095,LOC111120050,LOC111118943,LOC111121380,LOC111120668,LOC111120667,LOC111119390,LOC111119384,LOC111121901,LOC111121989,LOC111120135,LOC111120488,LOC111118587,LOC111120270,LOC111119527,LOC111120388,LOC111119759,LOC111123111,LOC111126461,LOC111126423,LOC111124238,LOC111125041,LOC111125040,LOC111123535,LOC111124758,LOC111123885,LOC111123703,LOC111130275,LOC111130599,LOC111129474,LOC111129918,LOC111131730,LOC111131488,LOC111129238,LOC111131830,LOC111131560,LOC111131056,LOC111129691,LOC111129828,LOC111129299,LOC111129858,LOC111129786,LOC111136760,LOC111137049,LOC111135725,LOC111138472,LOC111135614,LOC111136174,LOC111135147,LOC111136184,LOC111134341,LOC111132178,LOC111133522,LOC111132186,LOC111134699,LOC111134700,LOC111137562,LOC111136239,LOC111136234,LOC111136235,LOC111134969,LOC111133341,LOC111133343,LOC111135360,LOC111135053,LOC111137761,LOC111136723,LOC111136448,LOC111136451,LOC111135575,LOC111132244,LOC111135868,LOC111135869,LOC111136935,LOC111136727,LOC111137552,LOC111137553,LOC111137596,LOC111135795,LOC111134649,LOC111134641,LOC111137365,LOC111138013,LOC111138392,LOC111135002,LOC111135841,LOC111132115,LOC111132209,LOC111099069,LOC111138386,LOC111138387,LOC111135753,LOC111135746,LOC111135736,LOC111135739,LOC111135745,LOC111135734,LOC111135740,LOC111135741,LOC111138462,LOC111135946,LOC111137040,LOC111136036,LOC111135726,LOC111132337,LOC111132338,LOC111133489,LOC111136769,LOC111136126,LOC111133010,LOC111135491,LOC111136272,LOC111136270,LOC111136266,LOC111136263,LOC111136267,LOC111138112,LOC111099222,LOC111101798,LOC111101783,LOC111099716,LOC111099985,LOC111100706,LOC111100707,LOC111102580,LOC111103915,LOC111103349,LOC111103347,LOC111103350,LOC111102735,LOC111108351,LOC111109267,LOC111106478,LOC111107307,LOC111109542,LOC111112946,LOC111111230,LOC111114084,LOC111112947,LOC111114923,LOC111114925,LOC111114924,LOC111114895,LOC111111429,LOC111111430,LOC111111433,LOC111111852,LOC111117149,LOC111117761,LOC111117151,LOC111117152"
"GO:MF","endopeptidase activity","GO:0004175","0.013418330061501334","1.872301529636649","397","45","4","39530","LOC111120052,LOC111120542,LOC111122041,LOC111120189"
"GO:MF","D-amino-acid oxidase activity","GO:0003884","0.013418330061501334","1.872301529636649","10","217","2","39530","LOC111136234,LOC111136235"
"GO:MF","vitamin B6 binding","GO:0070279","0.013418330061501334","1.872301529636649","71","258","4","39530","LOC111135147,LOC111135360,LOC111132244,LOC111137596"
"GO:MF","inositol 1,4,5 trisphosphate binding","GO:0070679","0.013418330061501334","1.872301529636649","6","350","2","39530","LOC111138392,LOC111138112"
"GO:MF","catalytic activity, acting on RNA","GO:0140098","0.014005747716510352","1.8536937008006944","261","321","8","39530","LOC111120135,LOC111131830,LOC111136723,LOC111135795,LOC111135736,LOC111135739,LOC111137040,LOC111136549"
"GO:MF","flavin adenine dinucleotide binding","GO:0050660","0.014221998604430339","1.847039368311996","99","339","5","39530","LOC111121380,LOC111136234,LOC111136235,LOC111132337,LOC111135491"
"GO:MF","calcium-release channel activity","GO:0015278","0.014221998604430339","1.847039368311996","7","350","2","39530","LOC111138392,LOC111138112"
"GO:MF","ligand-gated calcium channel activity","GO:0099604","0.014221998604430339","1.847039368311996","7","350","2","39530","LOC111138392,LOC111138112"
"GO:MF","intracellular ligand-gated monoatomic ion channel activity","GO:0005217","0.014221998604430339","1.847039368311996","7","350","2","39530","LOC111138392,LOC111138112"
"GO:MF","transferase activity, transferring phosphorus-containing groups","GO:0016772","0.014221998604430339","1.847039368311996","759","425","18","39530","LOC111136710,LOC111103474,LOC111120050,LOC111118587,LOC111125194,LOC111130738,LOC111131560,LOC111136051,LOC111136760,LOC111136727,LOC111135841,LOC111138386,LOC111138462,LOC111137040,LOC111101602,LOC111103347,LOC111112947,LOC111114895"
"GO:MF","guanylate kinase activity","GO:0004385","0.015731641661315274","1.8032259546018434","1","79","1","39530","LOC111125194"
"GO:MF","solute:monoatomic cation symporter activity","GO:0015294","0.015731641661315274","1.8032259546018434","9","300","2","39530","LOC111135748,LOC111135738"
"GO:MF","kinase activity","GO:0016301","0.015731641661315274","1.8032259546018434","588","425","15","39530","LOC111136710,LOC111103474,LOC111120050,LOC111118587,LOC111125194,LOC111131560,LOC111136051,LOC111136760,LOC111136727,LOC111135841,LOC111138386,LOC111137040,LOC111101602,LOC111103347,LOC111114895"
"GO:MF","anion binding","GO:0043168","0.016443978111242753","1.7839931099853885","1928","350","30","39530","LOC111136710,LOC111103474,LOC111119597,LOC111120050,LOC111121380,LOC111120135,LOC111118587,LOC111123885,LOC111131730,LOC111131560,LOC111136760,LOC111135147,LOC111137562,LOC111136234,LOC111136235,LOC111135360,LOC111136723,LOC111132244,LOC111136727,LOC111137596,LOC111134649,LOC111138392,LOC111135002,LOC111135841,LOC111138386,LOC111138462,LOC111137040,LOC111132337,LOC111135491,LOC111138112"
"GO:MF","histone binding","GO:0042393","0.016655753062978954","1.7784357266051893","4","22","1","39530","LOC111119597"
"GO:MF","NAD+ ADP-ribosyltransferase activity","GO:0003950","0.017641333764676585","1.7534685833344819","57","184","3","39530","LOC111119527,LOC111124757,LOC111099230"
"GO:MF","taste receptor activity","GO:0008527","0.018771379626153616","1.7265038071864902","2","52","1","39530","LOC111120714"
"GO:MF","protein kinase activity","GO:0004672","0.01920991378821609","1.7164745841953621","462","7","2","39530","LOC111136710,LOC111103474"
"GO:MF","peptidase inhibitor activity","GO:0030414","0.019404637292819344","1.7120944705843257","229","14","2","39530","LOC111122323,LOC111122337"
"GO:MF","ribonuclease activity","GO:0004540","0.019404637292819344","1.7120944705843257","74","316","4","39530","LOC111131830,LOC111135795,LOC111135736,LOC111137040"
"GO:MF","peptidase regulator activity","GO:0061134","0.019404637292819344","1.7120944705843257","230","14","2","39530","LOC111122323,LOC111122337"
"GO:MF","enzyme inhibitor activity","GO:0004857","0.020361034929094343","1.6912001510616168","240","14","2","39530","LOC111122323,LOC111122337"
"GO:MF","phosphotransferase activity, alcohol group as acceptor","GO:0016773","0.02172653075980136","1.663009615242252","525","7","2","39530","LOC111136710,LOC111103474"
"GO:MF","glutamate-cysteine ligase catalytic subunit binding","GO:0035226","0.02172653075980136","1.663009615242252","2","70","1","39530","LOC111123111"
"GO:MF","monooxygenase activity","GO:0004497","0.02283134318159168","1.641468537953737","189","411","7","39530","LOC111136451,LOC111135740,LOC111135741,LOC111132337,LOC111099985,LOC111100706,LOC111111230"
"GO:MF","icosanoid receptor activity","GO:0004953","0.024211791264184858","1.6159730789030284","8","23","1","39530","LOC111121460"
"GO:MF","L-tyrosine:2-oxoglutarate aminotransferase activity","GO:0004838","0.024211791264184858","1.6159730789030284","1","169","1","39530","LOC111135147"
"GO:MF","prostanoid receptor activity","GO:0004954","0.024211791264184858","1.6159730789030284","8","23","1","39530","LOC111121460"
"GO:MF","L-tyrosine aminotransferase activity","GO:0070547","0.024211791264184858","1.6159730789030284","1","169","1","39530","LOC111135147"
"GO:MF","transcription coregulator activity","GO:0003712","0.024211791264184858","1.6159730789030284","78","340","4","39530","LOC111132160,LOC111135795,LOC111134966,LOC111135492"
"GO:MF","prostaglandin E receptor activity","GO:0004957","0.024211791264184858","1.6159730789030284","8","23","1","39530","LOC111121460"
"GO:MF","prostaglandin receptor activity","GO:0004955","0.024211791264184858","1.6159730789030284","8","23","1","39530","LOC111121460"
"GO:MF","catalytic activity, acting on a protein","GO:0140096","0.024211791264184858","1.6159730789030284","1898","55","8","39530","LOC111136710,LOC111103474,LOC111120052,LOC111120050,LOC111120542,LOC111122041,LOC111120189,LOC111118587"
"GO:MF","dolichyl-phosphate beta-D-mannosyltransferase activity","GO:0004582","0.024593136014843527","1.609186088296555","1","190","1","39530","LOC111134340"
"GO:MF","RNA binding","GO:0003723","0.026073410346245333","1.583802160328046","499","28","3","39530","LOC111120891,LOC111120892,LOC111118943"
"GO:MF","primary amine oxidase activity","GO:0008131","0.026441070351694088","1.5777209683079692","20","217","2","39530","LOC111136234,LOC111136235"
"GO:MF","transcription corepressor activity","GO:0003714","0.026952816090895802","1.5693958520415172","15","315","2","39530","LOC111132160,LOC111134966"
"GO:MF","3-dehydrosphinganine reductase activity","GO:0047560","0.026952816090895802","1.5693958520415172","1","243","1","39530","LOC111134961"
"GO:MF","molecular function inhibitor activity","GO:0140678","0.026952816090895802","1.5693958520415172","334","14","2","39530","LOC111122323,LOC111122337"
"GO:MF","oxidoreductase activity, acting on the CH-CH group of donors, with a flavin as acceptor","GO:0052890","0.026952816090895802","1.5693958520415172","14","339","2","39530","LOC111121380,LOC111135491"
"GO:MF","acyl-CoA dehydrogenase activity","GO:0003995","0.026952816090895802","1.5693958520415172","14","339","2","39530","LOC111121380,LOC111135491"
"GO:MF","phosphatidylinositol-4,5-bisphosphate 4-phosphatase activity","GO:0034597","0.026952816090895802","1.5693958520415172","1","230","1","39530","LOC111136180"
"GO:MF","small molecule binding","GO:0036094","0.026952816090895802","1.5693958520415172","2104","433","36","39530","LOC111136710,LOC111103474,LOC111119597,LOC111120050,LOC111121380,LOC111120135,LOC111118587,LOC111123885,LOC111131730,LOC111131560,LOC111136760,LOC111135147,LOC111137562,LOC111136234,LOC111136235,LOC111135360,LOC111136723,LOC111132244,LOC111136727,LOC111137596,LOC111134649,LOC111138392,LOC111135002,LOC111135841,LOC111138386,LOC111138462,LOC111137040,LOC111132337,LOC111135491,LOC111138112,LOC111100707,LOC111103347,LOC111112946,LOC111112947,LOC111114895,LOC111111433"
"GO:MF","peptidase activity","GO:0008233","0.026952816090895802","1.5693958520415172","631","45","4","39530","LOC111120052,LOC111120542,LOC111122041,LOC111120189"
"GO:MF","phosphatidylinositol-4,5-bisphosphate phosphatase activity","GO:0106019","0.026952816090895802","1.5693958520415172","1","230","1","39530","LOC111136180"
"GO:MF","oxidoreductase activity, acting on the CH-NH2 group of donors, oxygen as acceptor","GO:0016641","0.027033098494626488","1.5681041732433096","22","217","2","39530","LOC111136234,LOC111136235"
"GO:MF","growth factor binding","GO:0019838","0.027033098494626488","1.5681041732433096","2","129","1","39530","LOC111129918"
"GO:MF","insulin-like growth factor binding","GO:0005520","0.027033098494626488","1.5681041732433096","2","129","1","39530","LOC111129918"
"GO:MF","glycerone kinase activity","GO:0004371","0.027911124013977044","1.5542226736067315","2","135","1","39530","LOC111131560"
"GO:MF","pentosyltransferase activity","GO:0016763","0.02887049885442657","1.5395457118638942","84","184","3","39530","LOC111119527,LOC111124757,LOC111099230"
"GO:MF","chloride transmembrane transporter activity","GO:0015108","0.02887049885442657","1.5395457118638942","17","300","2","39530","LOC111135748,LOC111135738"
"GO:MF","ubiquinol-cytochrome-c reductase activity","GO:0008121","0.030051049913114206","1.5221403501668458","1","311","1","39530","LOC111135946"
"GO:MF","thiamine diphosphokinase activity","GO:0004788","0.030051049913114206","1.5221403501668458","1","306","1","39530","LOC111138462"
"GO:MF","thiamine binding","GO:0030975","0.030051049913114206","1.5221403501668458","1","306","1","39530","LOC111138462"
"GO:MF","oxidoreductase activity, acting on paired donors, with incorporation or reduction of molecular oxygen","GO:0016705","0.030051049913114206","1.5221403501668458","217","411","7","39530","LOC111136451,LOC111135740,LOC111135741,LOC111132337,LOC111099985,LOC111100706,LOC111111230"
"GO:MF","mRNA (guanine-N7-)-methyltransferase activity","GO:0004482","0.03040204105557376","1.5170972588446283","1","321","1","39530","LOC111136549"
"GO:MF","rRNA binding","GO:0019843","0.030947396086456015","1.5093758866392644","16","21","1","39530","LOC111120892"
"GO:MF","ATP binding","GO:0005524","0.030947396086456015","1.5093758866392644","1275","55","6","39530","LOC111136710,LOC111103474,LOC111119597,LOC111120050,LOC111120135,LOC111118587"
"GO:MF","adenyl ribonucleotide binding","GO:0032559","0.031549166918853844","1.5010121041637947","1286","55","6","39530","LOC111136710,LOC111103474,LOC111119597,LOC111120050,LOC111120135,LOC111118587"
"GO:MF","phosphorus-oxygen lyase activity","GO:0016849","0.03257199493496609","1.4871556414131697","59","287","3","39530","LOC111120050,LOC111131830,LOC111138386"
"GO:MF","ion binding","GO:0043167","0.03292676852192535","1.4824508894508739","5316","434","76","39530","LOC111136710,LOC111103474,LOC111124617,LOC111119597,LOC111121095,LOC111120050,LOC111121380,LOC111120667,LOC111119390,LOC111119384,LOC111120135,LOC111118587,LOC111120270,LOC111119527,LOC111126461,LOC111126423,LOC111124238,LOC111123535,LOC111123885,LOC111123703,LOC111130599,LOC111131730,LOC111131560,LOC111136760,LOC111135147,LOC111136184,LOC111134699,LOC111134700,LOC111137562,LOC111136234,LOC111136235,LOC111135360,LOC111135053,LOC111136723,LOC111136451,LOC111132244,LOC111136727,LOC111137553,LOC111137596,LOC111134649,LOC111138392,LOC111135002,LOC111135841,LOC111138386,LOC111135753,LOC111135745,LOC111135734,LOC111135740,LOC111135741,LOC111138462,LOC111137040,LOC111132337,LOC111135491,LOC111136272,LOC111136270,LOC111138112,LOC111101798,LOC111101783,LOC111099985,LOC111100706,LOC111100707,LOC111103347,LOC111102735,LOC111107307,LOC111109542,LOC111112946,LOC111111230,LOC111114084,LOC111114923,LOC111114925,LOC111114924,LOC111114895,LOC111111429,LOC111111430,LOC111111433,LOC111111852"
"GO:MF","monoatomic ion transmembrane transporter activity","GO:0015075","0.03472026452731438","1.4594169746731","622","350","12","39530","LOC111119904,LOC111122184,LOC111122736,LOC111130899,LOC111138392,LOC111135843,LOC111135742,LOC111135748,LOC111135738,LOC111135946,LOC111138064,LOC111138112"
"GO:MF","enzyme regulator activity","GO:0030234","0.03472026452731438","1.4594169746731","434","14","2","39530","LOC111122323,LOC111122337"
"GO:MF","monoatomic cation transmembrane transporter activity","GO:0008324","0.03472026452731438","1.4594169746731","336","419","9","39530","LOC111122736,LOC111138392,LOC111135742,LOC111135748,LOC111135738,LOC111135946,LOC111138064,LOC111138112,LOC111114901"
"GO:MF","GTPase activator activity","GO:0005096","0.03472026452731438","1.4594169746731","46","132","2","39530","LOC111122629,LOC111129238"
"GO:MF","oxidoreductase activity, acting on the CH-NH2 group of donors","GO:0016638","0.03472026452731438","1.4594169746731","28","217","2","39530","LOC111136234,LOC111136235"
"GO:MF","adenyl nucleotide binding","GO:0030554","0.037452872326466824","1.42651486988175","1361","55","6","39530","LOC111136710,LOC111103474,LOC111119597,LOC111120050,LOC111120135,LOC111118587"
"GO:MF","DNA-binding transcription factor activity","GO:0003700","0.037961427804312144","1.42065746126391","412","290","8","39530","LOC111131056,LOC111136305,LOC111136304,LOC111137505,LOC111137718,LOC111132186,LOC111137553,LOC111135746"
"GO:MF","ribonuclease P RNA binding","GO:0033204","0.039771395915073914","1.4004291656754564","2","244","1","39530","LOC111135868"
"GO:MF","ubiquitin protein ligase activity","GO:0061630","0.040328277186069364","1.394390330547919","56","120","2","39530","LOC111124758,LOC111130599"
"GO:MF","molecular function regulator activity","GO:0098772","0.040328277186069364","1.394390330547919","492","14","2","39530","LOC111122323,LOC111122337"
"GO:MF","ubiquitin-like protein ligase activity","GO:0061659","0.04097747408951338","1.3874548156467665","57","120","2","39530","LOC111124758,LOC111130599"
"GO:MF","guanylate cyclase activity","GO:0004383","0.04126406858568446","1.384427953357564","20","27","1","39530","LOC111120050"
"GO:MF","lyase activity","GO:0016829","0.04126406858568446","1.384427953357564","192","287","5","39530","LOC111120050,LOC111131830,LOC111134699,LOC111134700,LOC111138386"
"GO:MF","active monoatomic ion transmembrane transporter activity","GO:0022853","0.04126406858568446","1.384427953357564","63","311","3","39530","LOC111135748,LOC111135738,LOC111135946"
"GO:MF","carbonate dehydratase activity","GO:0004089","0.04204480281080129","1.3762876800108066","35","203","2","39530","LOC111134699,LOC111134700"
"GO:MF","monoatomic anion transmembrane transporter activity","GO:0008509","0.042299097038646975","1.3736689034362721","24","300","2","39530","LOC111135748,LOC111135738"
"GO:MF","N-acyltransferase activity","GO:0016410","0.04443574221248678","1.3522675613920685","58","127","2","39530","LOC111118591,LOC111129477"
"GO:MF","glucosamine 6-phosphate N-acetyltransferase activity","GO:0004343","0.04666886791321532","1.330972734041068","5","127","1","39530","LOC111129477"
"GO:MF","nucleotide binding","GO:0000166","0.0477216615038508","1.321284444100765","1964","31","5","39530","LOC111136710,LOC111103474,LOC111119597,LOC111120050,LOC111121380"
"GO:MF","cyclase activity","GO:0009975","0.0477216615038508","1.321284444100765","25","27","1","39530","LOC111120050"
"GO:MF","triglyceride lipase activity","GO:0004806","0.0477216615038508","1.321284444100765","8","85","1","39530","LOC111123250"
"GO:MF","nucleic acid binding","GO:0003676","0.0477216615038508","1.321284444100765","2177","28","5","39530","LOC111131721,LOC111127822,LOC111120891,LOC111120892,LOC111118943"
"GO:MF","phosphatidylinositol phosphate 4-phosphatase activity","GO:0034596","0.0477216615038508","1.321284444100765","3","230","1","39530","LOC111136180"
"GO:MF","nucleoside phosphate binding","GO:1901265","0.0477216615038508","1.321284444100765","1964","31","5","39530","LOC111136710,LOC111103474,LOC111119597,LOC111120050,LOC111121380"
"GO:MF","symporter activity","GO:0015293","0.0477216615038508","1.321284444100765","26","300","2","39530","LOC111135748,LOC111135738"
"GO:MF","inorganic molecular entity transmembrane transporter activity","GO:0015318","0.049713780936184844","1.3035232057349093","310","419","8","39530","LOC111122736,LOC111138392,LOC111135742,LOC111135748,LOC111135738,LOC111135946,LOC111138112,LOC111114901"
"GO:MF","catalytic activity, acting on a nucleic acid","GO:0140640","0.05060565909429139","1.295800914464579","562","325","10","39530","LOC111119597,LOC111120135,LOC111131830,LOC111136723,LOC111135795,LOC111135736,LOC111135739,LOC111137040,LOC111136549,LOC111135726"
"GO:MF","ATP-dependent chromatin remodeler activity","GO:0140658","0.05153310469256322","1.2879136919998093","35","22","1","39530","LOC111119597"
"GO:MF","nucleoside monophosphate kinase activity","GO:0050145","0.052423648228623956","1.2804727592301581","10","79","1","39530","LOC111125194"
"GO:MF","glycine N-acyltransferase activity","GO:0047961","0.052484767062900915","1.2799667259363339","14","57","1","39530","LOC111118591"
"GO:MF","acetyltransferase activity","GO:0016407","0.05263744741146984","1.2787051794623434","68","127","2","39530","LOC111118591,LOC111129477"
"GO:MF","FAD binding","GO:0071949","0.05263744741146984","1.2787051794623434","40","217","2","39530","LOC111136234,LOC111136235"
"GO:MF","enzyme activator activity","GO:0008047","0.05282949815562212","1.277123514796295","66","132","2","39530","LOC111122629,LOC111129238"
"GO:MF","calcium channel activity","GO:0005262","0.056033135949046846","1.251555071138444","26","350","2","39530","LOC111138392,LOC111138112"
"GO:MF","Glc3Man9GlcNAc2 oligosaccharide glucosidase activity","GO:0004573","0.057057183260831944","1.2436896719441424","4","226","1","39530","LOC111137731"
"GO:MF","oxidoreductase activity, acting on diphenols and related substances as donors","GO:0016679","0.05844908630629609","1.2332222734710938","3","311","1","39530","LOC111135946"
"GO:MF","DNA topoisomerase type I (single strand cut, ATP-independent) activity","GO:0003917","0.060566140275170675","1.2177701019286695","3","325","1","39530","LOC111135726"
"GO:MF","DNA binding","GO:0003677","0.06250280799392857","1.2041004711539325","1006","1","1","39530","LOC111131721"
"GO:MF","nuclear steroid receptor activity","GO:0003707","0.06274987903436352","1.20238710705424","4","257","1","39530","LOC111137553"
"GO:MF","purine ribonucleoside triphosphate binding","GO:0035639","0.06443210629004166","1.1908976713047388","1690","27","4","39530","LOC111136710,LOC111103474,LOC111119597,LOC111120050"
"GO:MF","purine ribonucleotide binding","GO:0032555","0.06532974975056066","1.1848890053974943","1705","27","4","39530","LOC111136710,LOC111103474,LOC111119597,LOC111120050"
"GO:MF","inorganic anion transmembrane transporter activity","GO:0015103","0.06532974975056066","1.1848890053974943","34","300","2","39530","LOC111135748,LOC111135738"
"GO:MF","ribonucleotide binding","GO:0032553","0.06572726653565036","1.1822544287749848","1717","27","4","39530","LOC111136710,LOC111103474,LOC111119597,LOC111120050"
"GO:MF","ubiquitin binding","GO:0043130","0.06572726653565036","1.1822544287749848","28","40","1","39530","LOC111121901"
"GO:MF","glucosidase activity","GO:0015926","0.06573125837814368","1.1822280533813898","5","226","1","39530","LOC111137731"
"GO:MF","phosphatidylinositol phospholipase C activity","GO:0004435","0.06682379523010207","1.1750688624200631","6","196","1","39530","LOC111132178"
"GO:MF","arginine-tRNA ligase activity","GO:0004814","0.06682379523010207","1.1750688624200631","5","232","1","39530","LOC111136723"
"GO:MF","phospholipase C activity","GO:0004629","0.06682379523010207","1.1750688624200631","6","196","1","39530","LOC111132178"
"GO:MF","ubiquitin-like protein binding","GO:0032182","0.06755418033111177","1.1703477711636272","30","40","1","39530","LOC111121901"
"GO:MF","purine nucleotide binding","GO:0017076","0.07088637568904","1.1494372278867682","1783","27","4","39530","LOC111136710,LOC111103474,LOC111119597,LOC111120050"
"GO:MF","thyrotropin-releasing hormone receptor activity","GO:0004997","0.07130976767723468","1.1468509784541256","4","323","1","39530","LOC111134273"
"GO:MF","mRNA methyltransferase activity","GO:0008174","0.07130976767723468","1.1468509784541256","4","321","1","39530","LOC111136549"
"GO:MF","transition metal ion binding","GO:0046914","0.07374595564568542","1.1322617921487677","2383","434","36","39530","LOC111120667,LOC111119384,LOC111120135,LOC111120270,LOC111119527,LOC111126461,LOC111126423,LOC111123535,LOC111123703,LOC111130599,LOC111136184,LOC111134699,LOC111134700,LOC111135053,LOC111136451,LOC111137553,LOC111135740,LOC111135741,LOC111136272,LOC111136270,LOC111101798,LOC111101783,LOC111099985,LOC111100706,LOC111103347,LOC111102735,LOC111109542,LOC111111230,LOC111114084,LOC111114923,LOC111114925,LOC111114924,LOC111111429,LOC111111430,LOC111111433,LOC111111852"
"GO:MF","phosphatidylinositol bisphosphate phosphatase activity","GO:0034593","0.07491771273139416","1.1254154902836884","6","230","1","39530","LOC111136180"
"GO:MF","hydro-lyase activity","GO:0016836","0.0752799819480459","1.1233204937235333","57","203","2","39530","LOC111134699,LOC111134700"
"GO:MF","phenylalanine-tRNA ligase activity","GO:0004826","0.0778350625045523","1.1088247214940596","5","295","1","39530","LOC111135739"
"GO:MF","serine-type endopeptidase inhibitor activity","GO:0004867","0.0778350625045523","1.1088247214940596","113","13","1","39530","LOC111122323"
"GO:MF","carbohydrate derivative binding","GO:0097367","0.0778350625045523","1.1088247214940596","1867","27","4","39530","LOC111136710,LOC111103474,LOC111119597,LOC111120050"
"GO:MF","carbon-oxygen lyase activity","GO:0016835","0.07797414793142413","1.1080493623316723","59","203","2","39530","LOC111134699,LOC111134700"
"GO:MF","phosphoric diester hydrolase activity","GO:0008081","0.07905680680047389","1.102060731315341","62","196","2","39530","LOC111126760,LOC111132178"
"GO:MF","diphosphotransferase activity","GO:0016778","0.07905680680047389","1.102060731315341","5","306","1","39530","LOC111138462"
"GO:MF","iron ion binding","GO:0005506","0.08014239272751805","1.0961376954340745","178","411","5","39530","LOC111135740,LOC111135741,LOC111099985,LOC111100706,LOC111111230"
"GO:MF","3',5'-cyclic-nucleotide phosphodiesterase activity","GO:0004114","0.08014239272751805","1.0961376954340745","19","83","1","39530","LOC111126760"
"GO:MF","cyclic-nucleotide phosphodiesterase activity","GO:0004112","0.08155493473342013","1.0885497554985744","20","83","1","39530","LOC111126760"
"GO:MF","channel activity","GO:0015267","0.08155493473342013","1.0885497554985744","518","294","8","39530","LOC111119904,LOC111122184,LOC111122736,LOC111130899,LOC111137319,LOC111138392,LOC111135843,LOC111135742"
"GO:MF","phosphotransferase activity, phosphate group as acceptor","GO:0016776","0.08155493473342013","1.0885497554985744","21","79","1","39530","LOC111125194"
"GO:MF","passive transmembrane transporter activity","GO:0022803","0.08155493473342013","1.0885497554985744","518","294","8","39530","LOC111119904,LOC111122184,LOC111122736,LOC111130899,LOC111137319,LOC111138392,LOC111135843,LOC111135742"
"GO:MF","DNA topoisomerase activity","GO:0003916","0.08155493473342013","1.0885497554985744","5","325","1","39530","LOC111135726"
"GO:MF","oxidoreductase activity, acting on the CH-CH group of donors","GO:0016627","0.08168292082443662","1.087868741106557","54","31","1","39530","LOC111121380"
"GO:MF","hydrolase activity","GO:0016787","0.08626969598636813","1.0641417324092666","2289","45","6","39530","LOC111136736,LOC111119597,LOC111120052,LOC111120542,LOC111122041,LOC111120189"
"GO:MF","N-methyltransferase activity","GO:0008170","0.08887996198389175","1.0511961398253973","42","321","2","39530","LOC111135867,LOC111136549"
"GO:MF","iron-sulfur cluster binding","GO:0051536","0.09221704622932968","1.035188792622437","61","32","1","39530","LOC111120668"
"GO:MF","endoribonuclease activity","GO:0004521","0.09221704622932968","1.035188792622437","44","316","2","39530","LOC111131830,LOC111137040"
"GO:MF","metal cluster binding","GO:0051540","0.09221704622932968","1.035188792622437","61","32","1","39530","LOC111120668"
"GO:MF","calcium ion transmembrane transporter activity","GO:0015085","0.09266970804053512","1.0330622052381324","40","350","2","39530","LOC111138392,LOC111138112"
"GO:MF","ribonucleoside binding","GO:0032549","0.09620453499531513","1.0168044552280986","5","418","1","39530","LOC111112947"
"GO:MF","phosphatidylinositol phosphate phosphatase activity","GO:0052866","0.09620453499531513","1.0168044552280986","9","230","1","39530","LOC111136180"
"GO:MF","nucleoside binding","GO:0001882","0.09620453499531513","1.0168044552280986","5","418","1","39530","LOC111112947"
"GO:MF","phosphotransferase activity, for other substituted phosphate groups","GO:0016780","0.09620453499531513","1.0168044552280986","17","124","1","39530","LOC111130738"
"GO:MF","lipase activity","GO:0016298","0.09729856959346783","1.0118935443383295","75","196","2","39530","LOC111123250,LOC111132178"
"GO:MF","glutathione transferase activity","GO:0004364","0.09729856959346783","1.0118935443383295","12","182","1","39530","LOC111136310"
"GO:MF","sodium channel activity","GO:0005272","0.09729856959346783","1.0118935443383295","30","72","1","39530","LOC111122736"
"GO:MF","metal ion transmembrane transporter activity","GO:0046873","0.09729856959346783","1.0118935443383295","191","419","5","39530","LOC111122736,LOC111138392,LOC111135742,LOC111138112,LOC111114901"
"GO:MF","ligase activity, forming carbon-oxygen bonds","GO:0016875","0.0994439283316273","1.0024217281008114","51","295","2","39530","LOC111136723,LOC111135739"
"GO:MF","aminoacyl-tRNA ligase activity","GO:0004812","0.0994439283316273","1.0024217281008114","51","295","2","39530","LOC111136723,LOC111135739"
"GO:MF","RNA helicase activity","GO:0003724","0.09997098483923142","1.0001260295268526","49","47","1","39530","LOC111120135"
"GO:MF","ATP-dependent activity, acting on RNA","GO:0008186","0.09997098483923142","1.0001260295268526","49","47","1","39530","LOC111120135"
"GO:BP","G protein-coupled receptor signaling pathway","GO:0007186","0.0008906417400450757","3.0502969554584776","778","23","6","39530","LOC111121126,LOC111133473,LOC111099738,LOC111109904,LOC111121595,LOC111121460"
"GO:BP","biological regulation","GO:0065007","0.0008906417400450757","3.0502969554584776","2800","348","49","39530","LOC111121126,LOC111133473,LOC111099738,LOC111109904,LOC111121595,LOC111119597,LOC111121460,LOC111120050,LOC111120488,LOC111122281,LOC111126760,LOC111122629,LOC111125225,LOC111129918,LOC111129238,LOC111131056,LOC111136051,LOC111137049,LOC111138472,LOC111136174,LOC111137071,LOC111137641,LOC111132160,LOC111136305,LOC111136304,LOC111137505,LOC111137718,LOC111132178,LOC111132186,LOC111136239,LOC111134969,LOC111137553,LOC111134649,LOC111134641,LOC111138013,LOC111137819,LOC111135002,LOC111138386,LOC111135746,LOC111135736,LOC111133803,LOC111133802,LOC111134966,LOC111137040,LOC111134273,LOC111135492,LOC111136266,LOC111136264,LOC111136267"
"GO:BP","regulation of biological process","GO:0050789","0.0008906417400450757","3.0502969554584776","2755","348","48","39530","LOC111121126,LOC111133473,LOC111099738,LOC111109904,LOC111121595,LOC111119597,LOC111121460,LOC111120050,LOC111120488,LOC111122281,LOC111126760,LOC111125225,LOC111129918,LOC111129238,LOC111131056,LOC111136051,LOC111137049,LOC111138472,LOC111136174,LOC111137071,LOC111137641,LOC111132160,LOC111136305,LOC111136304,LOC111137505,LOC111137718,LOC111132178,LOC111132186,LOC111136239,LOC111134969,LOC111137553,LOC111134649,LOC111134641,LOC111138013,LOC111137819,LOC111135002,LOC111138386,LOC111135746,LOC111135736,LOC111133803,LOC111133802,LOC111134966,LOC111137040,LOC111134273,LOC111135492,LOC111136266,LOC111136264,LOC111136267"
"GO:BP","regulation of cellular process","GO:0050794","0.0012889477009612302","2.8897647037829306","2659","348","46","39530","LOC111121126,LOC111133473,LOC111099738,LOC111109904,LOC111121595,LOC111119597,LOC111121460,LOC111120050,LOC111120488,LOC111122281,LOC111126760,LOC111125225,LOC111129918,LOC111129238,LOC111131056,LOC111136051,LOC111137049,LOC111138472,LOC111136174,LOC111137071,LOC111137641,LOC111132160,LOC111136305,LOC111136304,LOC111137505,LOC111137718,LOC111132178,LOC111132186,LOC111136239,LOC111137553,LOC111134649,LOC111134641,LOC111138013,LOC111137819,LOC111135002,LOC111138386,LOC111135746,LOC111133803,LOC111133802,LOC111134966,LOC111137040,LOC111134273,LOC111135492,LOC111136266,LOC111136264,LOC111136267"
"GO:BP","signaling","GO:0023052","0.008361858554955737","2.077697183033124","1731","27","7","39530","LOC111121126,LOC111133473,LOC111099738,LOC111109904,LOC111121595,LOC111121460,LOC111120050"
"GO:BP","regulation of growth","GO:0040008","0.008361858554955737","2.077697183033124","4","173","2","39530","LOC111129918,LOC111137641"
"GO:BP","biological_process","GO:0008150","0.008361858554955737","2.077697183033124","10065","353","122","39530","LOC111131721,LOC111136710,LOC111121126,LOC111103474,LOC111133473,LOC111099738,LOC111109904,LOC111121595,LOC111120892,LOC111119597,LOC111121460,LOC111120052,LOC111120050,LOC111119904,LOC111120542,LOC111122041,LOC111122184,LOC111121901,LOC111120189,LOC111120488,LOC111120714,LOC111119826,LOC111122281,LOC111118587,LOC111123111,LOC111122736,LOC111125194,LOC111126760,LOC111123250,LOC111127553,LOC111125040,LOC111122629,LOC111125225,LOC111124758,LOC111124358,LOC111130883,LOC111130899,LOC111131462,LOC111130738,LOC111129477,LOC111129918,LOC111129238,LOC111131560,LOC111131056,LOC111128921,LOC111129857,LOC111129858,LOC111136051,LOC111136760,LOC111137049,LOC111138472,LOC111136174,LOC111135147,LOC111137071,LOC111137641,LOC111132160,LOC111136305,LOC111136304,LOC111137505,LOC111137718,LOC111137118,LOC111132178,LOC111132186,LOC111137562,LOC111136239,LOC111136234,LOC111136235,LOC111134969,LOC111133341,LOC111137731,LOC111136180,LOC111136723,LOC111137319,LOC111136449,LOC111136451,LOC111132244,LOC111134961,LOC111135868,LOC111135867,LOC111136727,LOC111133807,LOC111137553,LOC111137596,LOC111134649,LOC111134641,LOC111138013,LOC111138392,LOC111137819,LOC111135002,LOC111135843,LOC111134206,LOC111138386,LOC111135746,LOC111135736,LOC111135735,LOC111135742,LOC111135739,LOC111135748,LOC111135738,LOC111135754,LOC111135734,LOC111138462,LOC111138461,LOC111133803,LOC111133802,LOC111134966,LOC111137040,LOC111137041,LOC111136549,LOC111134273,LOC111135726,LOC111137237,LOC111133489,LOC111138064,LOC111136126,LOC111135492,LOC111136266,LOC111136264,LOC111136267,LOC111138112,LOC111099222,LOC111133224"
"GO:BP","signal transduction","GO:0007165","0.008361858554955737","2.077697183033124","1697","27","7","39530","LOC111121126,LOC111133473,LOC111099738,LOC111109904,LOC111121595,LOC111121460,LOC111120050"
"GO:BP","cell communication","GO:0007154","0.00847723476696351","2.0717457894055116","1768","27","7","39530","LOC111121126,LOC111133473,LOC111099738,LOC111109904,LOC111121595,LOC111121460,LOC111120050"
"GO:BP","cellular response to stimulus","GO:0051716","0.01551551162853288","1.809233898856157","1984","27","7","39530","LOC111121126,LOC111133473,LOC111099738,LOC111109904,LOC111121595,LOC111121460,LOC111120050"
"GO:BP","response to stimulus","GO:0050896","0.021646235395308508","1.6646176230615033","2129","27","7","39530","LOC111121126,LOC111133473,LOC111099738,LOC111109904,LOC111121595,LOC111121460,LOC111120050"
"GO:BP","amino acid metabolic process","GO:0006520","0.023498213467077263","1.6289651552126836","191","295","7","39530","LOC111135147,LOC111136234,LOC111136235,LOC111136723,LOC111132244,LOC111137596,LOC111135739"
"GO:BP","RNA metabolic process","GO:0016070","0.023498213467077263","1.6289651552126836","1272","418","27","39530","LOC111120892,LOC111119597,LOC111131056,LOC111132160,LOC111136305,LOC111136304,LOC111137505,LOC111137718,LOC111132186,LOC111136239,LOC111134969,LOC111133341,LOC111136723,LOC111135868,LOC111137553,LOC111138013,LOC111135746,LOC111135736,LOC111135739,LOC111134966,LOC111137040,LOC111136549,LOC111135492,LOC111108351,LOC111105896,LOC111111238,LOC111112947"
"GO:BP","cellular process","GO:0009987","0.023498213467077263","1.6289651552126836","8457","350","101","39530","LOC111131721,LOC111136710,LOC111121126,LOC111103474,LOC111133473,LOC111099738,LOC111109904,LOC111121595,LOC111120892,LOC111119597,LOC111121460,LOC111120050,LOC111119904,LOC111122184,LOC111121901,LOC111120488,LOC111119826,LOC111122281,LOC111118587,LOC111123111,LOC111125194,LOC111126760,LOC111127553,LOC111125040,LOC111125225,LOC111130899,LOC111130738,LOC111129477,LOC111129918,LOC111129238,LOC111131560,LOC111131056,LOC111128921,LOC111129857,LOC111129858,LOC111136051,LOC111136760,LOC111137049,LOC111138472,LOC111136174,LOC111135147,LOC111137071,LOC111137641,LOC111132160,LOC111136305,LOC111136304,LOC111137505,LOC111137718,LOC111137118,LOC111132178,LOC111132186,LOC111137562,LOC111136239,LOC111136234,LOC111136235,LOC111134969,LOC111133341,LOC111136180,LOC111136723,LOC111137319,LOC111136451,LOC111132244,LOC111134961,LOC111135868,LOC111135867,LOC111136727,LOC111133807,LOC111137553,LOC111137596,LOC111134649,LOC111134641,LOC111138013,LOC111138392,LOC111137819,LOC111135002,LOC111135843,LOC111138386,LOC111135746,LOC111135736,LOC111135742,LOC111135739,LOC111135738,LOC111138462,LOC111138461,LOC111133803,LOC111133802,LOC111134966,LOC111137040,LOC111137041,LOC111136549,LOC111134273,LOC111135726,LOC111137237,LOC111133489,LOC111138064,LOC111136126,LOC111135492,LOC111136266,LOC111136264,LOC111136267,LOC111138112"
"GO:BP","alditol metabolic process","GO:0019400","0.03799460170768216","1.4202781037807601","2","135","1","39530","LOC111131560"
"GO:BP","aromatic compound biosynthetic process","GO:0019438","0.03799460170768216","1.4202781037807601","1145","315","18","39530","LOC111119597,LOC111120050,LOC111129477,LOC111131056,LOC111132160,LOC111136305,LOC111136304,LOC111137505,LOC111137718,LOC111132186,LOC111136239,LOC111136451,LOC111137553,LOC111138013,LOC111138386,LOC111135746,LOC111138462,LOC111134966"
"GO:BP","regulation of metabolic process","GO:0019222","0.03799460170768216","1.4202781037807601","858","340","16","39530","LOC111119597,LOC111131056,LOC111132160,LOC111136305,LOC111136304,LOC111137505,LOC111137718,LOC111132186,LOC111136239,LOC111134969,LOC111137553,LOC111138013,LOC111135746,LOC111135736,LOC111134966,LOC111135492"
"GO:BP","regulation of RNA biosynthetic process","GO:2001141","0.03799460170768216","1.4202781037807601","677","340","14","39530","LOC111119597,LOC111131056,LOC111132160,LOC111136305,LOC111136304,LOC111137505,LOC111137718,LOC111132186,LOC111136239,LOC111137553,LOC111138013,LOC111135746,LOC111134966,LOC111135492"
"GO:BP","nonribosomal peptide biosynthetic process","GO:0019184","0.03799460170768216","1.4202781037807601","4","70","1","39530","LOC111123111"
"GO:BP","liver development","GO:0001889","0.03799460170768216","1.4202781037807601","1","257","1","39530","LOC111137553"
"GO:BP","epithelial cell development","GO:0002064","0.03799460170768216","1.4202781037807601","1","257","1","39530","LOC111137553"
"GO:BP","columnar/cuboidal epithelial cell differentiation","GO:0002065","0.03799460170768216","1.4202781037807601","1","257","1","39530","LOC111137553"
"GO:BP","columnar/cuboidal epithelial cell development","GO:0002066","0.03799460170768216","1.4202781037807601","1","257","1","39530","LOC111137553"
"GO:BP","glandular epithelial cell differentiation","GO:0002067","0.03799460170768216","1.4202781037807601","1","257","1","39530","LOC111137553"
"GO:BP","glandular epithelial cell development","GO:0002068","0.03799460170768216","1.4202781037807601","1","257","1","39530","LOC111137553"
"GO:BP","peptide secretion","GO:0002790","0.03799460170768216","1.4202781037807601","1","257","1","39530","LOC111137553"
"GO:BP","regulation of peptide secretion","GO:0002791","0.03799460170768216","1.4202781037807601","1","257","1","39530","LOC111137553"
"GO:BP","phospholipid metabolic process","GO:0006644","0.03799460170768216","1.4202781037807601","118","230","4","39530","LOC111130738,LOC111136051,LOC111132178,LOC111136180"
"GO:BP","type B pancreatic cell differentiation","GO:0003309","0.03799460170768216","1.4202781037807601","1","257","1","39530","LOC111137553"
"GO:BP","type B pancreatic cell development","GO:0003323","0.03799460170768216","1.4202781037807601","1","257","1","39530","LOC111137553"
"GO:BP","proteolysis","GO:0006508","0.03799460170768216","1.4202781037807601","650","45","4","39530","LOC111120052,LOC111120542,LOC111122041,LOC111120189"
"GO:BP","protein phosphorylation","GO:0006468","0.03799460170768216","1.4202781037807601","460","7","2","39530","LOC111136710,LOC111103474"
"GO:BP","regulation of DNA-templated transcription","GO:0006355","0.03799460170768216","1.4202781037807601","677","340","14","39530","LOC111119597,LOC111131056,LOC111132160,LOC111136305,LOC111136304,LOC111137505,LOC111137718,LOC111132186,LOC111136239,LOC111137553,LOC111138013,LOC111135746,LOC111134966,LOC111135492"
"GO:BP","DNA replication","GO:0006260","0.03799460170768216","1.4202781037807601","137","1","1","39530","LOC111131721"
"GO:BP","3-keto-sphinganine metabolic process","GO:0006666","0.03799460170768216","1.4202781037807601","1","243","1","39530","LOC111134961"
"GO:BP","regulation of nucleobase-containing compound metabolic process","GO:0019219","0.03799460170768216","1.4202781037807601","711","340","14","39530","LOC111119597,LOC111131056,LOC111132160,LOC111136305,LOC111136304,LOC111137505,LOC111137718,LOC111132186,LOC111136239,LOC111137553,LOC111138013,LOC111135746,LOC111134966,LOC111135492"
"GO:BP","nuclear-transcribed mRNA catabolic process, exonucleolytic","GO:0000291","0.03799460170768216","1.4202781037807601","1","292","1","39530","LOC111135736"
"GO:BP","glutathione biosynthetic process","GO:0006750","0.03799460170768216","1.4202781037807601","4","70","1","39530","LOC111123111"
"GO:BP","phosphorylation","GO:0016310","0.03799460170768216","1.4202781037807601","489","7","2","39530","LOC111136710,LOC111103474"
"GO:BP","negative regulation of macromolecule metabolic process","GO:0010605","0.03799460170768216","1.4202781037807601","94","315","4","39530","LOC111132160,LOC111134969,LOC111135736,LOC111134966"
"GO:BP","regulation of macromolecule biosynthetic process","GO:0010556","0.03799460170768216","1.4202781037807601","705","340","14","39530","LOC111119597,LOC111131056,LOC111132160,LOC111136305,LOC111136304,LOC111137505,LOC111137718,LOC111132186,LOC111136239,LOC111137553,LOC111138013,LOC111135746,LOC111134966,LOC111135492"
"GO:BP","regulation of gene expression","GO:0010468","0.03799460170768216","1.4202781037807601","791","340","16","39530","LOC111119597,LOC111131056,LOC111132160,LOC111136305,LOC111136304,LOC111137505,LOC111137718,LOC111132186,LOC111136239,LOC111134969,LOC111137553,LOC111138013,LOC111135746,LOC111135736,LOC111134966,LOC111135492"
"GO:BP","gene expression","GO:0010467","0.03799460170768216","1.4202781037807601","1524","418","29","39530","LOC111120892,LOC111119597,LOC111119826,LOC111131056,LOC111132160,LOC111136305,LOC111136304,LOC111137505,LOC111137718,LOC111132186,LOC111136239,LOC111134969,LOC111133341,LOC111136723,LOC111135868,LOC111137553,LOC111138013,LOC111135746,LOC111135736,LOC111135739,LOC111134966,LOC111137040,LOC111136549,LOC111135492,LOC111108351,LOC111105896,LOC111114610,LOC111111238,LOC111112947"
"GO:BP","hormone transport","GO:0009914","0.03799460170768216","1.4202781037807601","1","257","1","39530","LOC111137553"
"GO:BP","negative regulation of metabolic process","GO:0009892","0.03799460170768216","1.4202781037807601","97","315","4","39530","LOC111132160,LOC111134969,LOC111135736,LOC111134966"
"GO:BP","regulation of biosynthetic process","GO:0009889","0.03799460170768216","1.4202781037807601","705","340","14","39530","LOC111119597,LOC111131056,LOC111132160,LOC111136305,LOC111136304,LOC111137505,LOC111137718,LOC111132186,LOC111136239,LOC111137553,LOC111138013,LOC111135746,LOC111134966,LOC111135492"
"GO:BP","detection of chemical stimulus","GO:0009593","0.03799460170768216","1.4202781037807601","3","52","1","39530","LOC111120714"
"GO:BP","thiamine diphosphate biosynthetic process","GO:0009229","0.03799460170768216","1.4202781037807601","1","306","1","39530","LOC111138462"
"GO:BP","biosynthetic process","GO:0009058","0.03799460170768216","1.4202781037807601","1852","315","27","39530","LOC111119597,LOC111120050,LOC111119826,LOC111123111,LOC111130738,LOC111129477,LOC111131056,LOC111136051,LOC111135147,LOC111132160,LOC111136305,LOC111136304,LOC111137505,LOC111137718,LOC111132186,LOC111136239,LOC111136723,LOC111136451,LOC111134961,LOC111137553,LOC111137596,LOC111138013,LOC111138386,LOC111135746,LOC111135739,LOC111138462,LOC111134966"
"GO:BP","metabolic process","GO:0008152","0.03799460170768216","1.4202781037807601","5548","325","62","39530","LOC111131721,LOC111136710,LOC111103474,LOC111120892,LOC111119597,LOC111120052,LOC111120050,LOC111120542,LOC111122041,LOC111120189,LOC111119826,LOC111118587,LOC111123111,LOC111125194,LOC111123250,LOC111124758,LOC111130883,LOC111131462,LOC111130738,LOC111129477,LOC111131560,LOC111131056,LOC111136051,LOC111136760,LOC111135147,LOC111137641,LOC111132160,LOC111136305,LOC111136304,LOC111137505,LOC111137718,LOC111132178,LOC111132186,LOC111136239,LOC111136234,LOC111136235,LOC111134969,LOC111133341,LOC111137731,LOC111136180,LOC111136723,LOC111136449,LOC111136451,LOC111132244,LOC111134961,LOC111135868,LOC111135867,LOC111136727,LOC111137553,LOC111137596,LOC111138013,LOC111138386,LOC111135746,LOC111135736,LOC111135739,LOC111135754,LOC111138462,LOC111138461,LOC111134966,LOC111137040,LOC111136549,LOC111135726"
"GO:BP","sensory perception of chemical stimulus","GO:0007606","0.03799460170768216","1.4202781037807601","2","52","1","39530","LOC111120714"
"GO:BP","mitochondrion organization","GO:0007005","0.03799460170768216","1.4202781037807601","50","317","3","39530","LOC111137562,LOC111133807,LOC111137041"
"GO:BP","thiamine metabolic process","GO:0006772","0.03799460170768216","1.4202781037807601","1","306","1","39530","LOC111138462"
"GO:BP","cellular aromatic compound metabolic process","GO:0006725","0.03799460170768216","1.4202781037807601","2403","325","32","39530","LOC111131721,LOC111120892,LOC111119597,LOC111120050,LOC111125194,LOC111129477,LOC111131056,LOC111135147,LOC111132160,LOC111136305,LOC111136304,LOC111137505,LOC111137718,LOC111132186,LOC111136239,LOC111134969,LOC111133341,LOC111136723,LOC111136451,LOC111135868,LOC111137553,LOC111138013,LOC111138386,LOC111135746,LOC111135736,LOC111135739,LOC111138462,LOC111138461,LOC111134966,LOC111137040,LOC111136549,LOC111135726"
"GO:BP","protein metabolic process","GO:0019538","0.03799460170768216","1.4202781037807601","2251","55","9","39530","LOC111136710,LOC111103474,LOC111120052,LOC111120050,LOC111120542,LOC111122041,LOC111120189,LOC111119826,LOC111118587"
"GO:BP","thiamine-containing compound biosynthetic process","GO:0042724","0.03799460170768216","1.4202781037807601","1","306","1","39530","LOC111138462"
"GO:BP","peptide hormone secretion","GO:0030072","0.03799460170768216","1.4202781037807601","1","257","1","39530","LOC111137553"
"GO:BP","carboxylic acid metabolic process","GO:0019752","0.03799460170768216","1.4202781037807601","289","295","7","39530","LOC111135147,LOC111136234,LOC111136235,LOC111136723,LOC111132244,LOC111137596,LOC111135739"
"GO:BP","regulation of hormone secretion","GO:0046883","0.03799460170768216","1.4202781037807601","1","257","1","39530","LOC111137553"
"GO:BP","gland development","GO:0048732","0.03799460170768216","1.4202781037807601","1","257","1","39530","LOC111137553"
"GO:BP","regulation of protein secretion","GO:0050708","0.03799460170768216","1.4202781037807601","1","257","1","39530","LOC111137553"
"GO:BP","regulation of insulin secretion","GO:0050796","0.03799460170768216","1.4202781037807601","1","257","1","39530","LOC111137553"
"GO:BP","detection of stimulus involved in sensory perception","GO:0050906","0.03799460170768216","1.4202781037807601","3","52","1","39530","LOC111120714"
"GO:BP","detection of chemical stimulus involved in sensory perception","GO:0050907","0.03799460170768216","1.4202781037807601","2","52","1","39530","LOC111120714"
"GO:BP","sensory perception of taste","GO:0050909","0.03799460170768216","1.4202781037807601","2","52","1","39530","LOC111120714"
"GO:BP","detection of chemical stimulus involved in sensory perception of taste","GO:0050912","0.03799460170768216","1.4202781037807601","2","52","1","39530","LOC111120714"
"GO:BP","regulation of nitrogen compound metabolic process","GO:0051171","0.03799460170768216","1.4202781037807601","769","340","14","39530","LOC111119597,LOC111131056,LOC111132160,LOC111136305,LOC111136304,LOC111137505,LOC111137718,LOC111132186,LOC111136239,LOC111137553,LOC111138013,LOC111135746,LOC111134966,LOC111135492"
"GO:BP","regulation of protein transport","GO:0051223","0.03799460170768216","1.4202781037807601","1","257","1","39530","LOC111137553"
"GO:BP","regulation of RNA metabolic process","GO:0051252","0.03799460170768216","1.4202781037807601","694","340","14","39530","LOC111119597,LOC111131056,LOC111132160,LOC111136305,LOC111136304,LOC111137505,LOC111137718,LOC111132186,LOC111136239,LOC111137553,LOC111138013,LOC111135746,LOC111134966,LOC111135492"
"GO:BP","detection of stimulus","GO:0051606","0.03799460170768216","1.4202781037807601","4","52","1","39530","LOC111120714"
"GO:BP","sphingoid metabolic process","GO:0046519","0.03799460170768216","1.4202781037807601","1","243","1","39530","LOC111134961"
"GO:BP","regulation of macromolecule metabolic process","GO:0060255","0.03799460170768216","1.4202781037807601","846","340","16","39530","LOC111119597,LOC111131056,LOC111132160,LOC111136305,LOC111136304,LOC111137505,LOC111137718,LOC111132186,LOC111136239,LOC111134969,LOC111137553,LOC111138013,LOC111135746,LOC111135736,LOC111134966,LOC111135492"
"GO:BP","regulation of establishment of protein localization","GO:0070201","0.03799460170768216","1.4202781037807601","1","257","1","39530","LOC111137553"
"GO:BP","hepatocyte differentiation","GO:0070365","0.03799460170768216","1.4202781037807601","1","257","1","39530","LOC111137553"
"GO:BP","organic substance metabolic process","GO:0071704","0.03799460170768216","1.4202781037807601","5346","325","62","39530","LOC111131721,LOC111136710,LOC111103474,LOC111120892,LOC111119597,LOC111120052,LOC111120050,LOC111120542,LOC111122041,LOC111120189,LOC111119826,LOC111118587,LOC111123111,LOC111125194,LOC111123250,LOC111124758,LOC111130883,LOC111131462,LOC111130738,LOC111129477,LOC111131560,LOC111131056,LOC111136051,LOC111136760,LOC111135147,LOC111137641,LOC111132160,LOC111136305,LOC111136304,LOC111137505,LOC111137718,LOC111132178,LOC111132186,LOC111136239,LOC111136234,LOC111136235,LOC111134969,LOC111133341,LOC111137731,LOC111136180,LOC111136723,LOC111136449,LOC111136451,LOC111132244,LOC111134961,LOC111135868,LOC111135867,LOC111136727,LOC111137553,LOC111137596,LOC111138013,LOC111138386,LOC111135746,LOC111135736,LOC111135739,LOC111135754,LOC111138462,LOC111138461,LOC111134966,LOC111137040,LOC111136549,LOC111135726"
"GO:BP","regulation of primary metabolic process","GO:0080090","0.03799460170768216","1.4202781037807601","769","340","14","39530","LOC111119597,LOC111131056,LOC111132160,LOC111136305,LOC111136304,LOC111137505,LOC111137718,LOC111132186,LOC111136239,LOC111137553,LOC111138013,LOC111135746,LOC111134966,LOC111135492"
"GO:BP","regulation of peptide transport","GO:0090087","0.03799460170768216","1.4202781037807601","1","257","1","39530","LOC111137553"
"GO:BP","regulation of spindle assembly","GO:0090169","0.03799460170768216","1.4202781037807601","1","261","1","39530","LOC111134649"
"GO:BP","regulation of peptide hormone secretion","GO:0090276","0.03799460170768216","1.4202781037807601","1","257","1","39530","LOC111137553"
"GO:BP","mitochondrial respirasome assembly","GO:0097250","0.03799460170768216","1.4202781037807601","1","255","1","39530","LOC111133807"
"GO:BP","organic cyclic compound metabolic process","GO:1901360","0.03799460170768216","1.4202781037807601","2433","325","32","39530","LOC111131721,LOC111120892,LOC111119597,LOC111120050,LOC111125194,LOC111129477,LOC111131056,LOC111135147,LOC111132160,LOC111136305,LOC111136304,LOC111137505,LOC111137718,LOC111132186,LOC111136239,LOC111134969,LOC111133341,LOC111136723,LOC111136451,LOC111135868,LOC111137553,LOC111138013,LOC111138386,LOC111135746,LOC111135736,LOC111135739,LOC111138462,LOC111138461,LOC111134966,LOC111137040,LOC111136549,LOC111135726"
"GO:BP","organic cyclic compound biosynthetic process","GO:1901362","0.03799460170768216","1.4202781037807601","1167","315","18","39530","LOC111119597,LOC111120050,LOC111129477,LOC111131056,LOC111132160,LOC111136305,LOC111136304,LOC111137505,LOC111137718,LOC111132186,LOC111136239,LOC111136451,LOC111137553,LOC111138013,LOC111138386,LOC111135746,LOC111138462,LOC111134966"
"GO:BP","organic substance biosynthetic process","GO:1901576","0.03799460170768216","1.4202781037807601","1815","315","25","39530","LOC111119597,LOC111120050,LOC111119826,LOC111123111,LOC111130738,LOC111129477,LOC111131056,LOC111136051,LOC111132160,LOC111136305,LOC111136304,LOC111137505,LOC111137718,LOC111132186,LOC111136239,LOC111136723,LOC111136451,LOC111134961,LOC111137553,LOC111138013,LOC111138386,LOC111135746,LOC111135739,LOC111138462,LOC111134966"
"GO:BP","regulation of mitotic spindle assembly","GO:1901673","0.03799460170768216","1.4202781037807601","1","261","1","39530","LOC111134649"
"GO:BP","regulation of nucleic acid-templated transcription","GO:1903506","0.03799460170768216","1.4202781037807601","677","340","14","39530","LOC111119597,LOC111131056,LOC111132160,LOC111136305,LOC111136304,LOC111137505,LOC111137718,LOC111132186,LOC111136239,LOC111137553,LOC111138013,LOC111135746,LOC111134966,LOC111135492"
"GO:BP","hepaticobiliary system development","GO:0061008","0.03799460170768216","1.4202781037807601","1","257","1","39530","LOC111137553"
"GO:BP","D-amino acid metabolic process","GO:0046416","0.03799460170768216","1.4202781037807601","10","217","2","39530","LOC111136234,LOC111136235"
"GO:BP","hormone secretion","GO:0046879","0.03799460170768216","1.4202781037807601","1","257","1","39530","LOC111137553"
"GO:BP","enteroendocrine cell differentiation","GO:0035883","0.03799460170768216","1.4202781037807601","1","257","1","39530","LOC111137553"
"GO:BP","insulin secretion","GO:0030073","0.03799460170768216","1.4202781037807601","1","257","1","39530","LOC111137553"
"GO:BP","pancreas development","GO:0031016","0.03799460170768216","1.4202781037807601","1","257","1","39530","LOC111137553"
"GO:BP","endocrine pancreas development","GO:0031018","0.03799460170768216","1.4202781037807601","1","257","1","39530","LOC111137553"
"GO:BP","regulation of cellular metabolic process","GO:0031323","0.03799460170768216","1.4202781037807601","762","340","14","39530","LOC111119597,LOC111131056,LOC111132160,LOC111136305,LOC111136304,LOC111137505,LOC111137718,LOC111132186,LOC111136239,LOC111137553,LOC111138013,LOC111135746,LOC111134966,LOC111135492"
"GO:BP","regulation of cellular biosynthetic process","GO:0031326","0.03799460170768216","1.4202781037807601","705","340","14","39530","LOC111119597,LOC111131056,LOC111132160,LOC111136305,LOC111136304,LOC111137505,LOC111137718,LOC111132186,LOC111136239,LOC111137553,LOC111138013,LOC111135746,LOC111134966,LOC111135492"
"GO:BP","regulation of protein localization","GO:0032880","0.03799460170768216","1.4202781037807601","1","257","1","39530","LOC111137553"
"GO:BP","nuclear-transcribed mRNA catabolic process, exonucleolytic, 3'-5'","GO:0034427","0.03799460170768216","1.4202781037807601","1","292","1","39530","LOC111135736"
"GO:BP","endocrine system development","GO:0035270","0.03799460170768216","1.4202781037807601","1","257","1","39530","LOC111137553"
"GO:BP","intracellular signal transduction","GO:0035556","0.03799460170768216","1.4202781037807601","328","287","8","39530","LOC111120050,LOC111120488,LOC111129238,LOC111136051,LOC111137641,LOC111132178,LOC111135002,LOC111138386"
"GO:BP","growth","GO:0040007","0.03799460170768216","1.4202781037807601","15","173","2","39530","LOC111129918,LOC111137641"
"GO:BP","thiamine diphosphate metabolic process","GO:0042357","0.03799460170768216","1.4202781037807601","1","306","1","39530","LOC111138462"
"GO:BP","thiamine-containing compound metabolic process","GO:0042723","0.03799460170768216","1.4202781037807601","1","306","1","39530","LOC111138462"
"GO:BP","organic acid metabolic process","GO:0006082","0.03799460170768216","1.4202781037807601","292","295","7","39530","LOC111135147,LOC111136234,LOC111136235,LOC111136723,LOC111132244,LOC111137596,LOC111135739"
"GO:BP","small molecule metabolic process","GO:0044281","0.03799460170768216","1.4202781037807601","690","306","14","39530","LOC111120050,LOC111125194,LOC111129477,LOC111131560,LOC111135147,LOC111136234,LOC111136235,LOC111136723,LOC111132244,LOC111134961,LOC111137596,LOC111138386,LOC111135739,LOC111138462"
"GO:BP","cellular biosynthetic process","GO:0044249","0.03799460170768216","1.4202781037807601","1758","315","24","39530","LOC111119597,LOC111120050,LOC111119826,LOC111123111,LOC111129477,LOC111131056,LOC111136051,LOC111132160,LOC111136305,LOC111136304,LOC111137505,LOC111137718,LOC111132186,LOC111136239,LOC111136723,LOC111136451,LOC111134961,LOC111137553,LOC111138013,LOC111138386,LOC111135746,LOC111135739,LOC111138462,LOC111134966"
"GO:BP","primary metabolic process","GO:0044238","0.03799460170768216","1.4202781037807601","5112","325","59","39530","LOC111131721,LOC111136710,LOC111103474,LOC111120892,LOC111119597,LOC111120052,LOC111120050,LOC111120542,LOC111122041,LOC111120189,LOC111119826,LOC111118587,LOC111125194,LOC111123250,LOC111124758,LOC111130883,LOC111131462,LOC111130738,LOC111129477,LOC111131560,LOC111131056,LOC111136051,LOC111136760,LOC111135147,LOC111137641,LOC111132160,LOC111136305,LOC111136304,LOC111137505,LOC111137718,LOC111132178,LOC111132186,LOC111136239,LOC111136234,LOC111136235,LOC111134969,LOC111133341,LOC111137731,LOC111136180,LOC111136723,LOC111136449,LOC111132244,LOC111134961,LOC111135868,LOC111135867,LOC111136727,LOC111137553,LOC111137596,LOC111138013,LOC111138386,LOC111135746,LOC111135736,LOC111135739,LOC111135754,LOC111138461,LOC111134966,LOC111137040,LOC111136549,LOC111135726"
"GO:BP","cellular metabolic process","GO:0044237","0.03799460170768216","1.4202781037807601","4253","325","50","39530","LOC111131721,LOC111136710,LOC111103474,LOC111120892,LOC111119597,LOC111120050,LOC111119826,LOC111118587,LOC111123111,LOC111125194,LOC111130738,LOC111129477,LOC111131560,LOC111131056,LOC111136051,LOC111136760,LOC111135147,LOC111132160,LOC111136305,LOC111136304,LOC111137505,LOC111137718,LOC111132178,LOC111132186,LOC111136239,LOC111136234,LOC111136235,LOC111134969,LOC111133341,LOC111136180,LOC111136723,LOC111136451,LOC111132244,LOC111134961,LOC111135868,LOC111135867,LOC111136727,LOC111137553,LOC111137596,LOC111138013,LOC111138386,LOC111135746,LOC111135736,LOC111135739,LOC111138462,LOC111138461,LOC111134966,LOC111137040,LOC111136549,LOC111135726"
"GO:BP","glycerol metabolic process","GO:0006071","0.03799460170768216","1.4202781037807601","2","135","1","39530","LOC111131560"
"GO:BP","oxoacid metabolic process","GO:0043436","0.03799460170768216","1.4202781037807601","292","295","7","39530","LOC111135147,LOC111136234,LOC111136235,LOC111136723,LOC111132244,LOC111137596,LOC111135739"
"GO:BP","cellular nitrogen compound biosynthetic process","GO:0044271","0.03799460170768216","1.4202781037807601","1398","315","21","39530","LOC111119597,LOC111120050,LOC111119826,LOC111123111,LOC111129477,LOC111131056,LOC111132160,LOC111136305,LOC111136304,LOC111137505,LOC111137718,LOC111132186,LOC111136239,LOC111136723,LOC111137553,LOC111138013,LOC111138386,LOC111135746,LOC111135739,LOC111138462,LOC111134966"
"GO:BP","protein import into mitochondrial intermembrane space","GO:0045041","0.03900259871674043","1.4089064552622095","1","317","1","39530","LOC111137041"
"GO:BP","cellular localization","GO:0051641","0.04283859216993897","1.3681648100827932","344","331","8","39530","LOC111121901,LOC111127553,LOC111128921,LOC111137118,LOC111137553,LOC111137041,LOC111137237,LOC111133489"
"GO:BP","heterocycle biosynthetic process","GO:0018130","0.04387111784006603","1.3578212995912404","1124","340","18","39530","LOC111119597,LOC111120050,LOC111129477,LOC111131056,LOC111132160,LOC111136305,LOC111136304,LOC111137505,LOC111137718,LOC111132186,LOC111136239,LOC111137553,LOC111138013,LOC111138386,LOC111135746,LOC111138462,LOC111134966,LOC111135492"
"GO:BP","regulation of cell growth","GO:0001558","0.04579583785081033","1.339173991004103","3","129","1","39530","LOC111129918"
"GO:BP","cell growth","GO:0016049","0.04579583785081033","1.339173991004103","3","129","1","39530","LOC111129918"
"GO:BP","macromolecule metabolic process","GO:0043170","0.047585943067428874","1.322521319335144","4138","36","9","39530","LOC111131721,LOC111136710,LOC111103474,LOC111120892,LOC111119597,LOC111120052,LOC111120050,LOC111120542,LOC111122041"
"GO:BP","nuclear-transcribed mRNA catabolic process, deadenylation-independent decay","GO:0031086","0.050097939398613234","1.300180136931474","2","219","1","39530","LOC111134969"
"GO:BP","organonitrogen compound metabolic process","GO:1901564","0.050097939398613234","1.300180136931474","2672","55","9","39530","LOC111136710,LOC111103474,LOC111120052,LOC111120050,LOC111120542,LOC111122041,LOC111120189,LOC111119826,LOC111118587"
"GO:BP","deadenylation-independent decapping of nuclear-transcribed mRNA","GO:0031087","0.050097939398613234","1.300180136931474","2","219","1","39530","LOC111134969"
"GO:BP","cellular nitrogen compound metabolic process","GO:0034641","0.05245754080450446","1.2801920728777159","2567","325","32","39530","LOC111131721,LOC111120892,LOC111119597,LOC111120050,LOC111119826,LOC111123111,LOC111125194,LOC111129477,LOC111131056,LOC111132160,LOC111136305,LOC111136304,LOC111137505,LOC111137718,LOC111132186,LOC111136239,LOC111134969,LOC111133341,LOC111136723,LOC111135868,LOC111137553,LOC111138013,LOC111138386,LOC111135746,LOC111135736,LOC111135739,LOC111138462,LOC111138461,LOC111134966,LOC111137040,LOC111136549,LOC111135726"
"GO:BP","transsulfuration","GO:0019346","0.05245754080450446","1.2801920728777159","2","241","1","39530","LOC111132244"
"GO:BP","homocysteine metabolic process","GO:0050667","0.05245754080450446","1.2801920728777159","2","241","1","39530","LOC111132244"
"GO:BP","protein localization to extracellular region","GO:0071692","0.05245754080450446","1.2801920728777159","2","257","1","39530","LOC111137553"
"GO:BP","nucleobase-containing compound biosynthetic process","GO:0034654","0.05245754080450446","1.2801920728777159","1078","340","17","39530","LOC111119597,LOC111120050,LOC111129477,LOC111131056,LOC111132160,LOC111136305,LOC111136304,LOC111137505,LOC111137718,LOC111132186,LOC111136239,LOC111137553,LOC111138013,LOC111138386,LOC111135746,LOC111134966,LOC111135492"
"GO:BP","RNA biosynthetic process","GO:0032774","0.05245754080450446","1.2801920728777159","826","340","14","39530","LOC111119597,LOC111131056,LOC111132160,LOC111136305,LOC111136304,LOC111137505,LOC111137718,LOC111132186,LOC111136239,LOC111137553,LOC111138013,LOC111135746,LOC111134966,LOC111135492"
"GO:BP","DNA-templated transcription","GO:0006351","0.05245754080450446","1.2801920728777159","820","340","14","39530","LOC111119597,LOC111131056,LOC111132160,LOC111136305,LOC111136304,LOC111137505,LOC111137718,LOC111132186,LOC111136239,LOC111137553,LOC111138013,LOC111135746,LOC111134966,LOC111135492"
"GO:BP","protein secretion","GO:0009306","0.05245754080450446","1.2801920728777159","2","257","1","39530","LOC111137553"
"GO:BP","epithelial cell differentiation","GO:0030855","0.05245754080450446","1.2801920728777159","2","257","1","39530","LOC111137553"
"GO:BP","heterocycle metabolic process","GO:0046483","0.05245754080450446","1.2801920728777159","2365","325","30","39530","LOC111131721,LOC111120892,LOC111119597,LOC111120050,LOC111125194,LOC111129477,LOC111131056,LOC111132160,LOC111136305,LOC111136304,LOC111137505,LOC111137718,LOC111132186,LOC111136239,LOC111134969,LOC111133341,LOC111136723,LOC111135868,LOC111137553,LOC111138013,LOC111138386,LOC111135746,LOC111135736,LOC111135739,LOC111138462,LOC111138461,LOC111134966,LOC111137040,LOC111136549,LOC111135726"
"GO:BP","homoserine metabolic process","GO:0009092","0.05245754080450446","1.2801920728777159","2","241","1","39530","LOC111132244"
"GO:BP","regulation of cellular localization","GO:0060341","0.05245754080450446","1.2801920728777159","2","257","1","39530","LOC111137553"
"GO:BP","regulation of hormone levels","GO:0010817","0.05245754080450446","1.2801920728777159","2","257","1","39530","LOC111137553"
"GO:BP","nucleic acid-templated transcription","GO:0097659","0.05245754080450446","1.2801920728777159","820","340","14","39530","LOC111119597,LOC111131056,LOC111132160,LOC111136305,LOC111136304,LOC111137505,LOC111137718,LOC111132186,LOC111136239,LOC111137553,LOC111138013,LOC111135746,LOC111134966,LOC111135492"
"GO:BP","establishment of protein localization to extracellular region","GO:0035592","0.05245754080450446","1.2801920728777159","2","257","1","39530","LOC111137553"
"GO:BP","mitotic spindle assembly","GO:0090307","0.052548708112034555","1.279437956452319","2","261","1","39530","LOC111134649"
"GO:BP","cGMP metabolic process","GO:0046068","0.05340352428691942","1.2724300814010971","20","27","1","39530","LOC111120050"
"GO:BP","cGMP biosynthetic process","GO:0006182","0.05340352428691942","1.2724300814010971","20","27","1","39530","LOC111120050"
"GO:BP","macromolecule localization","GO:0033036","0.05417984583690496","1.2661622350407011","301","331","7","39530","LOC111121901,LOC111128921,LOC111137118,LOC111137553,LOC111135734,LOC111137041,LOC111133489"
"GO:BP","cellular lipid metabolic process","GO:0044255","0.05417984583690496","1.2661622350407011","229","243","5","39530","LOC111130738,LOC111136051,LOC111132178,LOC111136180,LOC111134961"
"GO:BP","nuclear-transcribed mRNA catabolic process","GO:0000956","0.05613607321500652","1.2507579700539062","25","292","2","39530","LOC111134969,LOC111135736"
"GO:BP","nucleobase-containing compound metabolic process","GO:0006139","0.05628993915679835","1.24956922076387","2294","325","29","39530","LOC111131721,LOC111120892,LOC111119597,LOC111120050,LOC111125194,LOC111129477,LOC111131056,LOC111132160,LOC111136305,LOC111136304,LOC111137505,LOC111137718,LOC111132186,LOC111136239,LOC111134969,LOC111133341,LOC111136723,LOC111135868,LOC111137553,LOC111138013,LOC111138386,LOC111135746,LOC111135736,LOC111135739,LOC111138461,LOC111134966,LOC111137040,LOC111136549,LOC111135726"
"GO:BP","cyclic purine nucleotide metabolic process","GO:0052652","0.05917793382213188","1.2278402021580075","23","27","1","39530","LOC111120050"
"GO:BP","UDP-N-acetylglucosamine metabolic process","GO:0006047","0.05930201897902801","1.2269305205223378","5","127","1","39530","LOC111129477"
"GO:BP","amino sugar biosynthetic process","GO:0046349","0.05930201897902801","1.2269305205223378","5","127","1","39530","LOC111129477"
"GO:BP","UDP-N-acetylglucosamine biosynthetic process","GO:0006048","0.05930201897902801","1.2269305205223378","5","127","1","39530","LOC111129477"
"GO:BP","ncRNA metabolic process","GO:0034660","0.059708058843837584","1.2239670478454105","196","295","5","39530","LOC111120892,LOC111133341,LOC111136723,LOC111135868,LOC111135739"
"GO:BP","DNA metabolic process","GO:0006259","0.06284978635958806","1.2016961942391167","678","1","1","39530","LOC111131721"
"GO:BP","organophosphate metabolic process","GO:0019637","0.0631833647276055","1.1993972501668249","424","306","8","39530","LOC111120050,LOC111125194,LOC111130738,LOC111136051,LOC111132178,LOC111136180,LOC111138386,LOC111138462"
"GO:BP","intracellular cholesterol transport","GO:0032367","0.0631833647276055","1.1993972501668249","5","142","1","39530","LOC111128921"
"GO:BP","cholesterol transport","GO:0030301","0.0631833647276055","1.1993972501668249","5","142","1","39530","LOC111128921"
"GO:BP","phosphate-containing compound metabolic process","GO:0006796","0.0631833647276055","1.1993972501668249","1211","7","2","39530","LOC111136710,LOC111103474"
"GO:BP","phosphorus metabolic process","GO:0006793","0.0631833647276055","1.1993972501668249","1220","7","2","39530","LOC111136710,LOC111103474"
"GO:BP","nucleic acid metabolic process","GO:0090304","0.0631833647276055","1.1993972501668249","1939","340","26","39530","LOC111131721,LOC111120892,LOC111119597,LOC111131056,LOC111132160,LOC111136305,LOC111136304,LOC111137505,LOC111137718,LOC111132186,LOC111136239,LOC111134969,LOC111133341,LOC111136723,LOC111135868,LOC111137553,LOC111138013,LOC111135746,LOC111135736,LOC111135739,LOC111138461,LOC111134966,LOC111137040,LOC111136549,LOC111135726,LOC111135492"
"GO:BP","lipid metabolic process","GO:0006629","0.0631833647276055","1.1993972501668249","334","243","6","39530","LOC111123250,LOC111130738,LOC111136051,LOC111132178,LOC111136180,LOC111134961"
"GO:BP","cysteine metabolic process","GO:0006534","0.0631833647276055","1.1993972501668249","3","241","1","39530","LOC111132244"
"GO:BP","regulation of spindle organization","GO:0090224","0.0666303258629555","1.1763280627616195","3","261","1","39530","LOC111134649"
"GO:BP","regulation of mitotic spindle organization","GO:0060236","0.0666303258629555","1.1763280627616195","3","261","1","39530","LOC111134649"
"GO:BP","peptide transport","GO:0015833","0.0666303258629555","1.1763280627616195","3","257","1","39530","LOC111137553"
"GO:BP","DNA replication-dependent chromatin assembly","GO:0006335","0.0666303258629555","1.1763280627616195","2","386","1","39530","LOC111102580"
"GO:BP","protein transport","GO:0015031","0.06786721530343849","1.168339970215656","185","331","5","39530","LOC111121901,LOC111137118,LOC111137553,LOC111137041,LOC111133489"
"GO:BP","transport","GO:0006810","0.0700304652017278","1.1547129886902447","1730","350","24","39530","LOC111119904,LOC111122184,LOC111121901,LOC111122736,LOC111127553,LOC111125040,LOC111130899,LOC111128921,LOC111129857,LOC111137118,LOC111137319,LOC111137553,LOC111138392,LOC111135843,LOC111134206,LOC111135742,LOC111135748,LOC111135738,LOC111135734,LOC111137041,LOC111137237,LOC111133489,LOC111138064,LOC111138112"
"GO:BP","establishment of protein localization","GO:0045184","0.07041392940716733","1.1523414194619839","188","331","5","39530","LOC111121901,LOC111137118,LOC111137553,LOC111137041,LOC111133489"
"GO:BP","purine nucleotide metabolic process","GO:0006163","0.07041392940716733","1.1523414194619839","112","79","2","39530","LOC111120050,LOC111125194"
"GO:BP","nitrogen compound metabolic process","GO:0006807","0.07041392940716733","1.1523414194619839","4671","325","51","39530","LOC111131721,LOC111136710,LOC111103474,LOC111120892,LOC111119597,LOC111120052,LOC111120050,LOC111120542,LOC111122041,LOC111120189,LOC111119826,LOC111118587,LOC111123111,LOC111125194,LOC111124758,LOC111129477,LOC111131056,LOC111136760,LOC111135147,LOC111137641,LOC111132160,LOC111136305,LOC111136304,LOC111137505,LOC111137718,LOC111132186,LOC111136239,LOC111136234,LOC111136235,LOC111134969,LOC111133341,LOC111136723,LOC111136449,LOC111132244,LOC111134961,LOC111135868,LOC111135867,LOC111136727,LOC111137553,LOC111137596,LOC111138013,LOC111138386,LOC111135746,LOC111135736,LOC111135739,LOC111138462,LOC111138461,LOC111134966,LOC111137040,LOC111136549,LOC111135726"
"GO:BP","establishment of localization","GO:0051234","0.0708316981947822","1.149772345837047","1736","350","24","39530","LOC111119904,LOC111122184,LOC111121901,LOC111122736,LOC111127553,LOC111125040,LOC111130899,LOC111128921,LOC111129857,LOC111137118,LOC111137319,LOC111137553,LOC111138392,LOC111135843,LOC111134206,LOC111135742,LOC111135748,LOC111135738,LOC111135734,LOC111137041,LOC111137237,LOC111133489,LOC111138064,LOC111138112"
"GO:BP","mRNA catabolic process","GO:0006402","0.07120745249032555","1.147474551221981","31","292","2","39530","LOC111134969,LOC111135736"
"GO:BP","snRNA 3'-end processing","GO:0034472","0.07179397433969525","1.143912004515856","4","222","1","39530","LOC111133341"
"GO:BP","protein modification process","GO:0036211","0.07249822324417506","1.1396726368042593","1376","7","2","39530","LOC111136710,LOC111103474"
"GO:BP","primary alcohol metabolic process","GO:0034308","0.0733846245773404","1.1343949231996564","3","306","1","39530","LOC111138462"
"GO:BP","alpha-amino acid metabolic process","GO:1901605","0.0743141663429949","1.128928389763672","100","241","3","39530","LOC111136234,LOC111136235,LOC111132244"
"GO:BP","organic substance transport","GO:0071702","0.07508420938617384","1.1244513878628581","336","331","7","39530","LOC111121901,LOC111128921,LOC111137118,LOC111137553,LOC111135734,LOC111137041,LOC111133489"
"GO:BP","purine-containing compound metabolic process","GO:0072521","0.07566723190343608","1.1210921533200235","120","79","2","39530","LOC111120050,LOC111125194"
"GO:BP","sterol transport","GO:0015918","0.07598562974026513","1.1192685329113816","7","142","1","39530","LOC111128921"
"GO:BP","negative regulation of nucleic acid-templated transcription","GO:1903507","0.07598562974026513","1.1192685329113816","31","315","2","39530","LOC111132160,LOC111134966"
"GO:BP","organic hydroxy compound transport","GO:0015850","0.07598562974026513","1.1192685329113816","7","142","1","39530","LOC111128921"
"GO:BP","negative regulation of RNA biosynthetic process","GO:1902679","0.07598562974026513","1.1192685329113816","31","315","2","39530","LOC111132160,LOC111134966"
"GO:BP","localization","GO:0051179","0.07598562974026513","1.1192685329113816","1757","350","24","39530","LOC111119904,LOC111122184,LOC111121901,LOC111122736,LOC111127553,LOC111125040,LOC111130899,LOC111128921,LOC111129857,LOC111137118,LOC111137319,LOC111137553,LOC111138392,LOC111135843,LOC111134206,LOC111135742,LOC111135748,LOC111135738,LOC111135734,LOC111137041,LOC111137237,LOC111133489,LOC111138064,LOC111138112"
"GO:BP","negative regulation of DNA-templated transcription","GO:0045892","0.07598562974026513","1.1192685329113816","31","315","2","39530","LOC111132160,LOC111134966"
"GO:BP","intracellular sterol transport","GO:0032366","0.07598562974026513","1.1192685329113816","7","142","1","39530","LOC111128921"
"GO:BP","macromolecule modification","GO:0043412","0.07619157031294498","1.1180930754987959","1466","7","2","39530","LOC111136710,LOC111103474"
"GO:BP","lipid homeostasis","GO:0055088","0.07654667654191902","1.1160736604959411","4","257","1","39530","LOC111137553"
"GO:BP","regulation of organelle assembly","GO:1902115","0.07713392731249846","1.1127545557537086","4","261","1","39530","LOC111134649"
"GO:BP","cellular modified amino acid biosynthetic process","GO:0042398","0.07713392731249846","1.1127545557537086","15","70","1","39530","LOC111123111"
"GO:BP","negative regulation of RNA metabolic process","GO:0051253","0.07786227455473509","1.1086729135880389","32","315","2","39530","LOC111132160,LOC111134966"
"GO:BP","phospholipid biosynthetic process","GO:0008654","0.07786227455473509","1.1086729135880389","67","150","2","39530","LOC111130738,LOC111136051"
"GO:BP","organic hydroxy compound metabolic process","GO:1901615","0.07786227455473509","1.1086729135880389","83","306","3","39530","LOC111131560,LOC111136451,LOC111138462"
"GO:BP","calcium ion transmembrane transport","GO:0070588","0.07799133165859361","1.1079536642587648","29","350","2","39530","LOC111138392,LOC111138112"
"GO:BP","cellular macromolecule localization","GO:0070727","0.07849615920272139","1.105151592654389","201","331","5","39530","LOC111121901,LOC111137118,LOC111137553,LOC111137041,LOC111133489"
"GO:BP","protein localization","GO:0008104","0.07849615920272139","1.105151592654389","201","331","5","39530","LOC111121901,LOC111137118,LOC111137553,LOC111137041,LOC111133489"
"GO:BP","retrograde transport, endosome to Golgi","GO:0042147","0.07873678006335406","1.1038223496335564","13","87","1","39530","LOC111127553"
"GO:BP","nervous system process","GO:0050877","0.07873678006335406","1.1038223496335564","22","52","1","39530","LOC111120714"
"GO:BP","intracellular lipid transport","GO:0032365","0.07873678006335406","1.1038223496335564","8","142","1","39530","LOC111128921"
"GO:BP","sensory perception","GO:0007600","0.07873678006335406","1.1038223496335564","22","52","1","39530","LOC111120714"
"GO:BP","alcohol metabolic process","GO:0006066","0.07873678006335406","1.1038223496335564","34","306","2","39530","LOC111131560,LOC111138462"
"GO:BP","sulfur compound biosynthetic process","GO:0044272","0.07873678006335406","1.1038223496335564","34","306","2","39530","LOC111123111,LOC111138462"
"GO:BP","arginyl-tRNA aminoacylation","GO:0006420","0.07957458399503946","1.0992256231327344","5","232","1","39530","LOC111136723"
"GO:BP","phospholipid catabolic process","GO:0009395","0.0802092104383122","1.0957757587374912","6","196","1","39530","LOC111132178"
"GO:BP","negative regulation of nucleobase-containing compound metabolic process","GO:0045934","0.08155206882142256","1.0885650172560606","34","315","2","39530","LOC111132160,LOC111134966"
"GO:BP","cyclic nucleotide biosynthetic process","GO:0009190","0.08185876137390609","1.0869348310631837","45","27","1","39530","LOC111120050"
"GO:BP","monoatomic ion transport","GO:0006811","0.08214260226419931","1.0854315428863042","650","350","11","39530","LOC111119904,LOC111122184,LOC111122736,LOC111130899,LOC111138392,LOC111135843,LOC111135742,LOC111135748,LOC111135738,LOC111138064,LOC111138112"
"GO:BP","endoplasmic reticulum unfolded protein response","GO:0030968","0.08214260226419931","1.0854315428863042","4","316","1","39530","LOC111137040"
"GO:BP","sulfur compound metabolic process","GO:0006790","0.08214260226419931","1.0854315428863042","88","306","3","39530","LOC111123111,LOC111132244,LOC111138462"
"GO:BP","regulation of secretion","GO:0051046","0.08214260226419931","1.0854315428863042","5","257","1","39530","LOC111137553"
"GO:BP","regulation of secretion by cell","GO:1903530","0.08214260226419931","1.0854315428863042","5","257","1","39530","LOC111137553"
"GO:BP","cellular response to unfolded protein","GO:0034620","0.08214260226419931","1.0854315428863042","4","316","1","39530","LOC111137040"
"GO:BP","glutathione metabolic process","GO:0006749","0.08214260226419931","1.0854315428863042","18","70","1","39530","LOC111123111"
"GO:BP","cyclic nucleotide metabolic process","GO:0009187","0.08214260226419931","1.0854315428863042","46","27","1","39530","LOC111120050"
"GO:BP","rRNA metabolic process","GO:0016072","0.08214260226419931","1.0854315428863042","61","21","1","39530","LOC111120892"
"GO:BP","7-methylguanosine mRNA capping","GO:0006370","0.08214260226419931","1.0854315428863042","4","321","1","39530","LOC111136549"
"GO:BP","rRNA processing","GO:0006364","0.08214260226419931","1.0854315428863042","59","21","1","39530","LOC111120892"
"GO:BP","DNA topological change","GO:0006265","0.08275757707584956","1.0821922328201286","4","325","1","39530","LOC111135726"
"GO:BP","mRNA metabolic process","GO:0016071","0.08355956395987632","1.078003834971213","174","402","5","39530","LOC111134969,LOC111135736,LOC111137040,LOC111136549,LOC111105896"
"GO:BP","carbohydrate metabolic process","GO:0005975","0.08355956395987632","1.078003834971213","325","367","7","39530","LOC111130883,LOC111131462,LOC111131560,LOC111137731,LOC111135754,LOC111099222,LOC111099716"
"GO:BP","oligosaccharide metabolic process","GO:0009311","0.08494342960265676","1.0708702082918897","6","226","1","39530","LOC111137731"
"GO:BP","cellular macromolecule metabolic process","GO:0044260","0.08512522135087242","1.0699417457829767","1346","1","1","39530","LOC111131721"
"GO:BP","macromolecule biosynthetic process","GO:0009059","0.08549523333289656","1.0680580980780008","1287","418","21","39530","LOC111119597,LOC111119826,LOC111131056,LOC111132160,LOC111136305,LOC111136304,LOC111137505,LOC111137718,LOC111132186,LOC111136239,LOC111136723,LOC111137553,LOC111138013,LOC111135746,LOC111135739,LOC111134966,LOC111135492,LOC111101602,LOC111114610,LOC111111238,LOC111112947"
"GO:BP","RNA catabolic process","GO:0006401","0.08738100785854004","1.0585829504152098","40","292","2","39530","LOC111134969,LOC111135736"
"GO:BP","sphingolipid biosynthetic process","GO:0030148","0.08955318081552624","1.0479189839512117","6","243","1","39530","LOC111134961"
"GO:BP","phenylalanyl-tRNA aminoacylation","GO:0006432","0.08980790644163796","1.0466854275551611","5","295","1","39530","LOC111135739"
"GO:BP","chromatin remodeling","GO:0006338","0.08980790644163796","1.0466854275551611","67","22","1","39530","LOC111119597"
"GO:BP","phosphatidylinositol-mediated signaling","GO:0048015","0.09070056824787236","1.042389992034257","10","150","1","39530","LOC111136051"
"GO:BP","system process","GO:0003008","0.09070056824787236","1.042389992034257","29","52","1","39530","LOC111120714"
"GO:BP","RNA decapping","GO:0110154","0.09110498864665116","1.0404578416615256","7","219","1","39530","LOC111134969"
"GO:BP","methylguanosine-cap decapping","GO:0110156","0.09110498864665116","1.0404578416615256","7","219","1","39530","LOC111134969"
"GO:BP","amino sugar metabolic process","GO:0006040","0.09110498864665116","1.0404578416615256","12","127","1","39530","LOC111129477"
"GO:BP","amide transport","GO:0042886","0.09126430445380836","1.0396990517100704","6","257","1","39530","LOC111137553"
"GO:BP","snRNA processing","GO:0016180","0.09151491876001813","1.0385081014853574","7","222","1","39530","LOC111133341"
"GO:BP","cytosolic transport","GO:0016482","0.09165991905976918","1.0378205305945174","18","87","1","39530","LOC111127553"
"GO:BP","cellular response to topologically incorrect protein","GO:0035967","0.09230547604769158","1.034772533570518","5","316","1","39530","LOC111137040"
"GO:BP","chromatin organization","GO:0006325","0.09513871507944291","1.0216427183531147","78","386","3","39530","LOC111119597,LOC111136239,LOC111102580"
"GO:BP","nucleotide-sugar biosynthetic process","GO:0009226","0.09513871507944291","1.0216427183531147","13","127","1","39530","LOC111129477"
"GO:BP","inositol lipid-mediated signaling","GO:0048017","0.09513871507944291","1.0216427183531147","11","150","1","39530","LOC111136051"
"GO:BP","positive regulation of GTPase activity","GO:0043547","0.09530335469808894","1.0208918118356913","17","98","1","39530","LOC111122629"
"GO:BP","purine ribonucleotide biosynthetic process","GO:0009152","0.09530965389296124","1.0208631075453105","62","27","1","39530","LOC111120050"
"GO:BP","ribonucleotide biosynthetic process","GO:0009260","0.0989738667195674","1.004479462349247","65","27","1","39530","LOC111120050"
"GO:BP","ribose phosphate biosynthetic process","GO:0046390","0.0989738667195674","1.004479462349247","65","27","1","39530","LOC111120050"
"GO:CC","origin recognition complex","GO:0000808","0.008395691400618268","2.0759435331043714","6","1","1","39530","LOC111131721"
"GO:CC","extracellular region","GO:0005576","0.008395691400618268","2.0759435331043714","311","14","3","39530","LOC111136736,LOC111122323,LOC111122337"
"GO:CC","FACT complex","GO:0035101","0.058713266553184214","1.231263756676359","1","324","1","39530","LOC111136643"
"GO:CC","SWI/SNF complex","GO:0016514","0.058713266553184214","1.231263756676359","7","22","1","39530","LOC111119597"
"GO:CC","extrinsic component of organelle membrane","GO:0031312","0.058713266553184214","1.231263756676359","1","293","1","39530","LOC111135735"
"GO:CC","TORC2 complex","GO:0031932","0.058713266553184214","1.231263756676359","4","76","1","39530","LOC111127214"
"GO:CC","membrane-bounded organelle","GO:0043227","0.058713266553184214","1.231263756676359","1198","5","2","39530","LOC111131721,LOC111136729"
"GO:CC","intracellular membrane-bounded organelle","GO:0043231","0.058713266553184214","1.231263756676359","1151","5","2","39530","LOC111131721,LOC111136729"
"GO:CC","AP-5 adaptor complex","GO:0044599","0.058713266553184214","1.231263756676359","2","41","1","39530","LOC111118550"
"GO:CC","chromosome","GO:0005694","0.058713266553184214","1.231263756676359","262","1","1","39530","LOC111131721"
"GO:CC","extrinsic component of Golgi membrane","GO:0090498","0.058713266553184214","1.231263756676359","1","293","1","39530","LOC111135735"
"GO:CC","cellular anatomical entity","GO:0110165","0.058713266553184214","1.231263756676359","3709","14","5","39530","LOC111131721,LOC111136736,LOC111136729,LOC111122323,LOC111122337"
"GO:CC","nucleus","GO:0005634","0.058713266553184214","1.231263756676359","725","5","2","39530","LOC111131721,LOC111136729"
"GO:CC","cellular_component","GO:0005575","0.058713266553184214","1.231263756676359","3882","5","3","39530","LOC111131721,LOC111136736,LOC111136729"
"GO:CC","transcription elongation factor complex","GO:0008023","0.058713266553184214","1.231263756676359","12","324","2","39530","LOC111134206,LOC111136643"
"GO:CC","TOR complex","GO:0038201","0.07319113190165635","1.1355415364209636","6","76","1","39530","LOC111127214"
"GO:CC","SWI/SNF superfamily-type complex","GO:0070603","0.08022445553434691","1.0956932216831423","26","22","1","39530","LOC111119597"
"GO:CC","intracellular non-membrane-bounded organelle","GO:0043232","0.08022445553434691","1.0956932216831423","684","1","1","39530","LOC111131721"
"GO:CC","intracellular organelle","GO:0043229","0.08022445553434691","1.0956932216831423","1681","5","2","39530","LOC111131721,LOC111136729"
"GO:CC","non-membrane-bounded organelle","GO:0043228","0.08022445553434691","1.0956932216831423","684","1","1","39530","LOC111131721"
"GO:CC","endoplasmic reticulum","GO:0005783","0.08022445553434691","1.0956932216831423","83","440","4","39530","LOC111138014,LOC111138392,LOC111138112,LOC111117872"
"GO:CC","organelle","GO:0043226","0.08022445553434691","1.0956932216831423","1701","5","2","39530","LOC111131721,LOC111136729"
"GO:CC","AP-type membrane coat adaptor complex","GO:0030119","0.0820861699286791","1.0857300076748388","18","41","1","39530","LOC111118550"
"GO:CC","intracellular anatomical structure","GO:0005622","0.0890654696249169","1.0502906378037296","1968","5","2","39530","LOC111131721,LOC111136729"
"GO:CC","extrinsic component of membrane","GO:0019898","0.0890654696249169","1.0502906378037296","3","293","1","39530","LOC111135735"
"GO:CC","mitochondrial respiratory chain complex IV","GO:0005751","0.0890654696249169","1.0502906378037296","6","151","1","39530","LOC111132762"
"GO:CC","nucleoplasm","GO:0005654","0.09092298732491531","1.041326303727829","59","414","3","39530","LOC111134206,LOC111136643,LOC111111238"
