source,term_name,term_id,adjusted_p_value,negative_log10_of_adjusted_p_value,term_size,query_size,intersection_size,effective_domain_size,intersections
GO:MF,oxidoreductase activity,GO:0016491,0.002270479,2.643882487,845,430,25,39530,"LOC111112758,LOC111118141,LOC111120983,LOC111121380,LOC111119483,LOC111123710,LOC111130483,LOC111129345,LOC111128337,LOC111138049,LOC111133534,LOC111136237,LOC111136234,LOC111136236,LOC111136235,LOC111135001,LOC111136451,LOC111134961,LOC111135491,LOC111099985,LOC111100706,LOC111103022,LOC111105201,LOC111103021,LOC111111318"
GO:MF,"oxidoreductase activity, acting on paired donors, with incorporation or reduction of molecular oxygen, reduced pteridine as one donor, and incorporation of one atom of oxygen",GO:0016714,0.003660926,2.436409067,7,412,3,39530,"LOC111103022,LOC111105201,LOC111103021"
GO:MF,transcription regulator activity,GO:0140110,0.003660926,2.436409067,490,349,15,39530,"LOC111119610,LOC111128234,LOC111130888,LOC111130067,LOC111129165,LOC111131056,LOC111132160,LOC111136305,LOC111136304,LOC111137505,LOC111137718,LOC111132186,LOC111137553,LOC111135795,LOC111135492"
GO:MF,catalytic activity,GO:0003824,0.003704955,2.431217047,5656,421,90,39530,"LOC111136710,LOC111136736,LOC111103474,LOC111112758,LOC111120052,LOC111120050,LOC111118141,LOC111120983,LOC111121380,LOC111120668,LOC111119286,LOC111122333,LOC111119483,LOC111118011,LOC111120189,LOC111119610,LOC111119527,LOC111121527,LOC111119790,LOC111125194,LOC111126760,LOC111123250,LOC111123710,LOC111130842,LOC111130483,LOC111131462,LOC111130738,LOC111129477,LOC111128465,LOC111129345,LOC111130500,LOC111129080,LOC111131730,LOC111131830,LOC111131243,LOC111131209,LOC111131212,LOC111128337,LOC111131560,LOC111136051,LOC111136760,LOC111135147,LOC111136310,LOC111099230,LOC111134340,LOC111138049,LOC111132178,LOC111099097,LOC111137949,LOC111136241,LOC111133534,LOC111136237,LOC111136234,LOC111136236,LOC111136235,LOC111135001,LOC111137731,LOC111135360,LOC111136180,LOC111136723,LOC111136449,LOC111136451,LOC111132244,LOC111134961,LOC111135867,LOC111136727,LOC111137596,LOC111135795,LOC111135002,LOC111135841,LOC111135880,LOC111132341,LOC111135491,LOC111133224,LOC111099716,LOC111101602,LOC111099985,LOC111100706,LOC111100393,LOC111101609,LOC111102493,LOC111103307,LOC111103017,LOC111103022,LOC111105201,LOC111103021,LOC111108656,LOC111107760,LOC111109188,LOC111106219"
GO:MF,molecular_function,GO:0003674,0.005201608,2.283862367,17055,335,179,39530,"LOC111131721,LOC111112876,LOC111136710,LOC111136736,LOC111121126,LOC111103474,LOC111127822,LOC111110538,LOC111112758,LOC111124617,LOC111124421,LOC111101946,LOC111117964,LOC111121095,LOC111120052,LOC111120050,LOC111118943,LOC111118141,LOC111120983,LOC111118500,LOC111118705,LOC111120624,LOC111121380,LOC111120668,LOC111120667,LOC111119286,LOC111119904,LOC111122333,LOC111119483,LOC111119484,LOC111118767,LOC111120103,LOC111122162,LOC111119668,LOC111118011,LOC111122184,LOC111121901,LOC111121989,LOC111120189,LOC111120714,LOC111119826,LOC111120713,LOC111119610,LOC111119527,LOC111121527,LOC111120388,LOC111119790,LOC111119794,LOC111119796,LOC111118575,LOC111123111,LOC111122736,LOC111126461,LOC111125194,LOC111124878,LOC111126760,LOC111126423,LOC111123250,LOC111125408,LOC111124238,LOC111125040,LOC111122629,LOC111123710,LOC111123703,LOC111130899,LOC111130842,LOC111130483,LOC111128234,LOC111127987,LOC111131462,LOC111130738,LOC111129474,LOC111129477,LOC111128854,LOC111128465,LOC111131251,LOC111129345,LOC111131410,LOC111130500,LOC111130888,LOC111129911,LOC111130067,LOC111129079,LOC111129080,LOC111131730,LOC111131488,LOC111129238,LOC111131830,LOC111129165,LOC111131243,LOC111129005,LOC111131209,LOC111131212,LOC111128337,LOC111128338,LOC111131560,LOC111131056,LOC111129691,LOC111129828,LOC111129299,LOC111129857,LOC111129858,LOC111129786,LOC111130538,LOC111136051,LOC111136760,LOC111137049,LOC111135725,LOC111138472,LOC111135614,LOC111136174,LOC111135147,LOC111136184,LOC111137071,LOC111132160,LOC111136305,LOC111136304,LOC111137505,LOC111137718,LOC111136310,LOC111099230,LOC111134340,LOC111134341,LOC111138049,LOC111132178,LOC111133522,LOC111132186,LOC111132157,LOC111136297,LOC111136298,LOC111099098,LOC111099097,LOC111133563,LOC111133564,LOC111138028,LOC111138027,LOC111136156,LOC111137949,LOC111136239,LOC111136241,LOC111133534,LOC111136237,LOC111136234,LOC111136236,LOC111136235,LOC111134969,LOC111135001,LOC111133341,LOC111133343,LOC111137731,LOC111135360,LOC111135053,LOC111137761,LOC111136180,LOC111136723,LOC111137319,LOC111136448,LOC111136449,LOC111136451,LOC111135575,LOC111132244,LOC111134961,LOC111135868,LOC111135869,LOC111135867,LOC111136935,LOC111136727,LOC111137552,LOC111137553,LOC111137596,LOC111135795,LOC111134649,LOC111134641,LOC111137365,LOC111138013,LOC111137819,LOC111135002,LOC111135841,LOC111135843"
GO:MF,phenylalanine 4-monooxygenase activity,GO:0004505,0.005201608,2.283862367,2,412,2,39530,"LOC111103022,LOC111103021"
GO:MF,GTPase activator activity,GO:0005096,0.008905854,2.050324414,46,253,4,39530,"LOC111122629,LOC111129079,LOC111129238,LOC111133563"
GO:MF,"oxidoreductase activity, acting on the CH-OH group of donors, NAD or NADP as acceptor",GO:0016616,0.013584552,1.866954676,58,430,5,39530,"LOC111133534,LOC111136237,LOC111136236,LOC111134961,LOC111111318"
GO:MF,nuclear steroid receptor activity,GO:0003707,0.013584552,1.866954676,4,318,2,39530,"LOC111129165,LOC111137553"
GO:MF,transaminase activity,GO:0008483,0.01403364,1.852829684,20,319,3,39530,"LOC111135147,LOC111135360,LOC111137596"
GO:MF,"transferase activity, transferring nitrogenous groups",GO:0016769,0.01403364,1.852829684,20,319,3,39530,"LOC111135147,LOC111135360,LOC111137596"
GO:MF,transcription coregulator activity,GO:0003712,0.015583901,1.807323815,78,349,5,39530,"LOC111119610,LOC111130888,LOC111132160,LOC111135795,LOC111135492"
GO:MF,enzyme activator activity,GO:0008047,0.018180663,1.740390284,66,253,4,39530,"LOC111122629,LOC111129079,LOC111129238,LOC111133563"
GO:MF,"oxidoreductase activity, acting on CH-OH group of donors",GO:0016614,0.018180663,1.740390284,68,430,5,39530,"LOC111133534,LOC111136237,LOC111136236,LOC111134961,LOC111111318"
GO:MF,transferase activity,GO:0016740,0.019248395,1.715605481,1896,339,30,39530,"LOC111136710,LOC111103474,LOC111120050,LOC111122333,LOC111118011,LOC111119527,LOC111119790,LOC111125194,LOC111130842,LOC111130738,LOC111129477,LOC111128465,LOC111130500,LOC111131243,LOC111131212,LOC111131560,LOC111136051,LOC111136760,LOC111135147,LOC111136310,LOC111099230,LOC111134340,LOC111099097,LOC111137949,LOC111135360,LOC111135867,LOC111136727,LOC111137596,LOC111135841,LOC111135880"
GO:MF,DNA-binding transcription factor activity,GO:0003700,0.019248395,1.715605481,412,242,9,39530,"LOC111128234,LOC111130067,LOC111129165,LOC111131056,LOC111136305,LOC111136304,LOC111137505,LOC111137718,LOC111132186"
GO:MF,"transferase activity, transferring phosphorus-containing groups",GO:0016772,0.022828766,1.641517555,759,195,11,39530,"LOC111136710,LOC111103474,LOC111120050,LOC111125194,LOC111130738,LOC111128465,LOC111130500,LOC111131243,LOC111131560,LOC111136051,LOC111136760"
GO:MF,calcium ion binding,GO:0005509,0.022828766,1.641517555,812,25,4,39530,"LOC111124617,LOC111124421,LOC111101946,LOC111121095"
GO:MF,small molecule binding,GO:0036094,0.022828766,1.641517555,2104,442,39,39530,"LOC111136710,LOC111103474,LOC111120050,LOC111121380,LOC111120103,LOC111119668,LOC111128465,LOC111129345,LOC111131730,LOC111131243,LOC111128337,LOC111131560,LOC111136760,LOC111135147,LOC111138028,LOC111138027,LOC111136234,LOC111136235,LOC111135360,LOC111136723,LOC111132244,LOC111136727,LOC111137596,LOC111134649,LOC111135002,LOC111135841,LOC111135491,LOC111138112,LOC111100707,LOC111104284,LOC111103017,LOC111108659,LOC111107760,LOC111109188,LOC111106219,LOC111111318,LOC111112302,LOC111114592,LOC111111433"
GO:MF,vitamin binding,GO:0019842,0.022828766,1.641517555,103,319,5,39530,"LOC111129345,LOC111135147,LOC111135360,LOC111132244,LOC111137596"
GO:MF,guanylate kinase activity,GO:0004385,0.023364184,1.631449376,1,93,1,39530,LOC111125194
GO:MF,mRNA 3'-UTR binding,GO:0003730,0.023364184,1.631449376,3,23,1,39530,LOC111117964
GO:MF,metal cluster binding,GO:0051540,0.023364184,1.631449376,61,46,2,39530,"LOC111120668,LOC111119483"
GO:MF,iron-sulfur cluster binding,GO:0051536,0.023364184,1.631449376,61,46,2,39530,"LOC111120668,LOC111119483"
GO:MF,anion binding,GO:0043168,0.023364184,1.631449376,1928,442,36,39530,"LOC111136710,LOC111103474,LOC111120050,LOC111121380,LOC111119668,LOC111128465,LOC111129345,LOC111131730,LOC111131243,LOC111128337,LOC111131560,LOC111136760,LOC111135147,LOC111138028,LOC111138027,LOC111136234,LOC111136235,LOC111135360,LOC111136723,LOC111132244,LOC111136727,LOC111137596,LOC111134649,LOC111135002,LOC111135841,LOC111135491,LOC111138112,LOC111100707,LOC111104284,LOC111108659,LOC111107760,LOC111109188,LOC111106219,LOC111112302,LOC111114592,LOC111111433"
GO:MF,D-amino-acid oxidase activity,GO:0003884,0.023364184,1.631449376,10,278,2,39530,"LOC111136234,LOC111136235"
GO:MF,"alpha-1,2-mannosyltransferase activity",GO:0000026,0.023364184,1.631449376,2,45,1,39530,LOC111122333
GO:MF,"oxidoreductase activity, acting on the CH-CH group of donors",GO:0016627,0.023364184,1.631449376,54,46,2,39530,"LOC111121380,LOC111119483"
GO:MF,binding,GO:0005488,0.023364184,1.631449376,11708,58,28,39530,"LOC111131721,LOC111136710,LOC111103474,LOC111127822,LOC111110538,LOC111124617,LOC111124421,LOC111101946,LOC111117964,LOC111121095,LOC111120050,LOC111118943,LOC111118500,LOC111118705,LOC111120624,LOC111121380,LOC111120668,LOC111120667,LOC111119286,LOC111119483,LOC111119484,LOC111118767,LOC111120103,LOC111122162,LOC111119668,LOC111118011,LOC111121901,LOC111121989"
GO:MF,vitamin B6 binding,GO:0070279,0.024028035,1.619281735,71,319,4,39530,"LOC111135147,LOC111135360,LOC111132244,LOC111137596"
GO:MF,protein kinase activity,GO:0004672,0.024028035,1.619281735,462,7,2,39530,"LOC111136710,LOC111103474"
GO:MF,kinase activity,GO:0016301,0.024028035,1.619281735,588,195,9,39530,"LOC111136710,LOC111103474,LOC111120050,LOC111125194,LOC111128465,LOC111131243,LOC111131560,LOC111136051,LOC111136760"
GO:MF,pyridoxal phosphate binding,GO:0030170,0.024028035,1.619281735,71,319,4,39530,"LOC111135147,LOC111135360,LOC111132244,LOC111137596"
GO:MF,transcription coactivator activity,GO:0003713,0.026080047,1.583691637,36,320,3,39530,"LOC111119610,LOC111130888,LOC111135795"
GO:MF,violaxanthin de-epoxidase activity,GO:0046422,0.026106754,1.583247117,1,129,1,39530,LOC111130483
GO:MF,taste receptor activity,GO:0008527,0.026106754,1.583247117,2,64,1,39530,LOC111120714
GO:MF,"phosphotransferase activity, alcohol group as acceptor",GO:0016773,0.027533496,1.560138646,525,7,2,39530,"LOC111136710,LOC111103474"
GO:MF,UTP-monosaccharide-1-phosphate uridylyltransferase activity,GO:0051748,0.028208371,1.549621986,1,151,1,39530,LOC111130500
GO:MF,UTP:glucose-1-phosphate uridylyltransferase activity,GO:0003983,0.028208371,1.549621986,1,151,1,39530,LOC111130500
GO:MF,dihydrolipoyllysine-residue succinyltransferase activity,GO:0004149,0.029481289,1.530453534,1,171,1,39530,LOC111131212
GO:MF,formate-tetrahydrofolate ligase activity,GO:0004329,0.029481289,1.530453534,1,174,1,39530,LOC111128337
GO:MF,S-succinyltransferase activity,GO:0016751,0.029481289,1.530453534,1,171,1,39530,LOC111131212
GO:MF,glutamate-cysteine ligase catalytic subunit binding,GO:0035226,0.029481289,1.530453534,2,84,1,39530,LOC111123111
GO:MF,G protein-coupled receptor activity,GO:0004930,0.033552842,1.474270686,750,6,2,39530,"LOC111112876,LOC111121126"
GO:MF,L-tyrosine:2-oxoglutarate aminotransferase activity,GO:0004838,0.03357714,1.473956297,1,212,1,39530,LOC111135147
GO:MF,L-tyrosine aminotransferase activity,GO:0070547,0.03357714,1.473956297,1,212,1,39530,LOC111135147
GO:MF,dolichyl-phosphate beta-D-mannosyltransferase activity,GO:0004582,0.034643799,1.460374486,1,233,1,39530,LOC111134340
GO:MF,heterocyclic compound binding,GO:1901363,0.034643799,1.460374486,4122,8,4,39530,"LOC111131721,LOC111136710,LOC111103474,LOC111127822"
GO:MF,organic cyclic compound binding,GO:0097159,0.034643799,1.460374486,4124,8,4,39530,"LOC111131721,LOC111136710,LOC111103474,LOC111127822"
GO:MF,mannosyltransferase activity,GO:0000030,0.035300804,1.4522154,20,233,2,39530,"LOC111122333,LOC111134340"
GO:MF,"oxidoreductase activity, acting on the CH-CH group of donors, with a flavin as acceptor",GO:0052890,0.036317527,1.439883732,14,348,2,39530,"LOC111121380,LOC111135491"
GO:MF,acyl-CoA dehydrogenase activity,GO:0003995,0.036317527,1.439883732,14,348,2,39530,"LOC111121380,LOC111135491"
GO:MF,glycolipid mannosyltransferase activity,GO:0004376,0.036326806,1.439772791,6,45,1,39530,LOC111122333
GO:MF,acyl-coenzyme A diphosphatase activity,GO:0106399,0.036326806,1.439772791,1,268,1,39530,LOC111136241
GO:MF,"phosphatidylinositol-4,5-bisphosphate phosphatase activity",GO:0106019,0.03785913,1.421829365,1,291,1,39530,LOC111136180
GO:MF,"phosphatidylinositol-4,5-bisphosphate 4-phosphatase activity",GO:0034597,0.03785913,1.421829365,1,291,1,39530,LOC111136180
GO:MF,3-dehydrosphinganine reductase activity,GO:0047560,0.038764459,1.411566272,1,304,1,39530,LOC111134961
GO:MF,protein binding,GO:0005515,0.038764459,1.411566272,5402,329,61,39530,"LOC111103474,LOC111110538,LOC111124617,LOC111124421,LOC111101946,LOC111121095,LOC111118500,LOC111118705,LOC111119286,LOC111118767,LOC111119668,LOC111121901,LOC111121989,LOC111120713,LOC111120388,LOC111119794,LOC111119796,LOC111123111,LOC111124878,LOC111126423,LOC111125040,LOC111127987,LOC111129474,LOC111128465,LOC111129911,LOC111131488,LOC111129238,LOC111129005,LOC111128338,LOC111129691,LOC111129828,LOC111129299,LOC111129858,LOC111129786,LOC111137049,LOC111135725,LOC111138472,LOC111136174,LOC111136184,LOC111134341,LOC111132178,LOC111133522,LOC111136298,LOC111099098,LOC111133563,LOC111136156,LOC111136239,LOC111134969,LOC111133341,LOC111133343,LOC111135053,LOC111137761,LOC111136448,LOC111135575,LOC111135869,LOC111136935,LOC111137552,LOC111134649,LOC111134641,LOC111137365,LOC111138013"
GO:MF,"oxidoreductase activity, acting on paired donors, with incorporation or reduction of molecular oxygen",GO:0016705,0.039194047,1.406779894,217,412,7,39530,"LOC111129345,LOC111136451,LOC111099985,LOC111100706,LOC111103022,LOC111105201,LOC111103021"
GO:MF,nuclear receptor coactivator activity,GO:0030374,0.039355674,1.404992643,17,320,2,39530,"LOC111119610,LOC111135795"
GO:MF,methylenetetrahydrofolate dehydrogenase [NAD(P)+] activity,GO:0004486,0.039528793,1.40308645,2,174,1,39530,LOC111128337
GO:MF,methylenetetrahydrofolate dehydrogenase (NADP+) activity,GO:0004488,0.039528793,1.40308645,2,174,1,39530,LOC111128337
GO:MF,primary amine oxidase activity,GO:0008131,0.039528793,1.40308645,20,278,2,39530,"LOC111136234,LOC111136235"
GO:MF,S-acyltransferase activity,GO:0016417,0.039528793,1.40308645,2,171,1,39530,LOC111131212
GO:MF,glycerone kinase activity,GO:0004371,0.039590198,1.402412331,2,177,1,39530,LOC111131560
GO:MF,"oxidoreductase activity, acting on the CH-NH2 group of donors, oxygen as acceptor",GO:0016641,0.045272609,1.344164479,22,278,2,39530,"LOC111136234,LOC111136235"
GO:MF,iron ion binding,GO:0005506,0.046854142,1.329252008,178,412,6,39530,"LOC111129345,LOC111099985,LOC111100706,LOC111103022,LOC111105201,LOC111103021"
GO:MF,molecular function activator activity,GO:0140677,0.046854142,1.329252008,207,253,5,39530,"LOC111122629,LOC111129079,LOC111129238,LOC111099098,LOC111133563"
GO:MF,ion binding,GO:0043167,0.046854142,1.329252008,5316,444,77,39530,"LOC111136710,LOC111103474,LOC111124617,LOC111124421,LOC111101946,LOC111121095,LOC111120050,LOC111120624,LOC111121380,LOC111120667,LOC111119484,LOC111119668,LOC111118011,LOC111119527,LOC111118575,LOC111126461,LOC111126423,LOC111125408,LOC111124238,LOC111123703,LOC111128465,LOC111129345,LOC111131410,LOC111130888,LOC111131730,LOC111129165,LOC111131243,LOC111128337,LOC111131560,LOC111136760,LOC111135147,LOC111136184,LOC111133563,LOC111138028,LOC111138027,LOC111136156,LOC111136234,LOC111136235,LOC111135360,LOC111135053,LOC111136723,LOC111136451,LOC111132244,LOC111136727,LOC111137553,LOC111137596,LOC111134649,LOC111135002,LOC111135841,LOC111132341,LOC111135491,LOC111138112,LOC111101798,LOC111101783,LOC111099985,LOC111100706,LOC111100707,LOC111103305,LOC111104284,LOC111103017,LOC111103022,LOC111103019,LOC111105201,LOC111103021,LOC111103020,LOC111108659,LOC111107760,LOC111109188,LOC111106219,LOC111112301,LOC111112302,LOC111114592,LOC111111429,LOC111111430,LOC111111433,LOC111111852,LOC111117739"
GO:MF,flavin adenine dinucleotide binding,GO:0050660,0.047508781,1.323226111,99,348,4,39530,"LOC111121380,LOC111136234,LOC111136235,LOC111135491"
GO:MF,GTPase regulator activity,GO:0030695,0.049805542,1.302722334,139,253,4,39530,"LOC111122629,LOC111129079,LOC111129238,LOC111133563"
GO:MF,nucleoside-triphosphatase regulator activity,GO:0060589,0.049805542,1.302722334,139,253,4,39530,"LOC111122629,LOC111129079,LOC111129238,LOC111133563"
GO:MF,nucleotide binding,GO:0000166,0.050128375,1.299916372,1964,442,33,39530,"LOC111136710,LOC111103474,LOC111120050,LOC111121380,LOC111120103,LOC111119668,LOC111128465,LOC111131730,LOC111131243,LOC111128337,LOC111131560,LOC111136760,LOC111138028,LOC111138027,LOC111136234,LOC111136235,LOC111136723,LOC111136727,LOC111134649,LOC111135002,LOC111135841,LOC111135491,LOC111100707,LOC111104284,LOC111103017,LOC111108659,LOC111107760,LOC111109188,LOC111106219,LOC111111318,LOC111112302,LOC111114592,LOC111111433"
GO:MF,succinyltransferase activity,GO:0016748,0.050128375,1.299916372,3,171,1,39530,LOC111131212
GO:MF,signaling receptor activity,GO:0038023,0.050128375,1.299916372,1238,6,2,39530,"LOC111112876,LOC111121126"
GO:MF,nucleoside phosphate binding,GO:1901265,0.050128375,1.299916372,1964,442,33,39530,"LOC111136710,LOC111103474,LOC111120050,LOC111121380,LOC111120103,LOC111119668,LOC111128465,LOC111131730,LOC111131243,LOC111128337,LOC111131560,LOC111136760,LOC111138028,LOC111138027,LOC111136234,LOC111136235,LOC111136723,LOC111136727,LOC111134649,LOC111135002,LOC111135841,LOC111135491,LOC111100707,LOC111104284,LOC111103017,LOC111108659,LOC111107760,LOC111109188,LOC111106219,LOC111111318,LOC111112302,LOC111114592,LOC111111433"
GO:MF,transmembrane signaling receptor activity,GO:0004888,0.050128375,1.299916372,1211,6,2,39530,"LOC111112876,LOC111121126"
GO:MF,molecular transducer activity,GO:0060089,0.050128375,1.299916372,1238,6,2,39530,"LOC111112876,LOC111121126"
GO:MF,guanylate cyclase activity,GO:0004383,0.050128375,1.299916372,20,27,1,39530,LOC111120050
GO:MF,mRNA binding,GO:0003729,0.052016984,1.283854835,25,23,1,39530,LOC111117964
GO:MF,monooxygenase activity,GO:0004497,0.052312069,1.281398102,189,412,6,39530,"LOC111136451,LOC111099985,LOC111100706,LOC111103022,LOC111105201,LOC111103021"
GO:MF,ribonuclease P RNA binding,GO:0033204,0.053989394,1.267691546,2,305,1,39530,LOC111135868
GO:MF,"oxidoreductase activity, acting on the CH-NH2 group of donors",GO:0016638,0.056621172,1.247021143,28,278,2,39530,"LOC111136234,LOC111136235"
GO:MF,steroid binding,GO:0005496,0.056621172,1.247021143,4,164,1,39530,LOC111129165
GO:MF,cyclase activity,GO:0009975,0.057401833,1.241074242,25,27,1,39530,LOC111120050
GO:MF,phosphopyruvate hydratase activity,GO:0004634,0.057528073,1.240120175,2,341,1,39530,LOC111132341
GO:MF,chromatin binding,GO:0003682,0.059768925,1.223524558,14,52,1,39530,LOC111122162
GO:MF,glucosamine 6-phosphate N-acetyltransferase activity,GO:0004343,0.059768925,1.223524558,5,144,1,39530,LOC111129477
GO:MF,uridylyltransferase activity,GO:0070569,0.061337564,1.212273476,5,151,1,39530,LOC111130500
GO:MF,monoatomic ion channel activity,GO:0005216,0.061603669,1.21039342,493,168,6,39530,"LOC111119904,LOC111122184,LOC111122736,LOC111130899,LOC111131251,LOC111129005"
GO:MF,adenyl ribonucleotide binding,GO:0032559,0.061748263,1.209375255,1286,7,2,39530,"LOC111136710,LOC111103474"
GO:MF,triglyceride lipase activity,GO:0004806,0.061748263,1.209375255,8,100,1,39530,LOC111123250
GO:MF,ATP binding,GO:0005524,0.061748263,1.209375255,1275,7,2,39530,"LOC111136710,LOC111103474"
GO:MF,protein-macromolecule adaptor activity,GO:0030674,0.061748263,1.209375255,34,254,2,39530,"LOC111132157,LOC111133564"
GO:MF,phosphoglycerate dehydrogenase activity,GO:0004617,0.065596014,1.183122552,2,430,1,39530,LOC111111318
GO:MF,phosphatidylinositol phosphate 4-phosphatase activity,GO:0034596,0.065627278,1.182915605,3,291,1,39530,LOC111136180
GO:MF,adenyl nucleotide binding,GO:0030554,0.065627278,1.182915605,1361,7,2,39530,"LOC111136710,LOC111103474"
GO:MF,ribonuclease activity,GO:0004540,0.065627278,1.182915605,74,320,3,39530,"LOC111119610,LOC111131830,LOC111135795"
GO:MF,nucleoside monophosphate kinase activity,GO:0050145,0.067728123,1.16923096,10,93,1,39530,LOC111125194
GO:MF,channel activity,GO:0015267,0.067941362,1.16786575,518,168,6,39530,"LOC111119904,LOC111122184,LOC111122736,LOC111130899,LOC111131251,LOC111129005"
GO:MF,passive transmembrane transporter activity,GO:0022803,0.067941362,1.16786575,518,168,6,39530,"LOC111119904,LOC111122184,LOC111122736,LOC111130899,LOC111131251,LOC111129005"
GO:MF,phosphorus-oxygen lyase activity,GO:0016849,0.069223776,1.159744715,59,162,2,39530,"LOC111120050,LOC111131830"
GO:MF,RNA binding,GO:0003723,0.069619097,1.157271614,499,329,9,39530,"LOC111117964,LOC111118943,LOC111119610,LOC111129080,LOC111131830,LOC111099097,LOC111135868,LOC111135795,LOC111138013"
GO:MF,DNA binding,GO:0003677,0.069964621,1.155121511,1006,1,1,39530,LOC111131721
GO:MF,ubiquitin-ubiquitin ligase activity,GO:0034450,0.069964621,1.155121511,3,339,1,39530,LOC111135880
GO:MF,"catalytic activity, acting on a protein",GO:0140096,0.071916623,1.143170712,1898,61,7,39530,"LOC111136710,LOC111103474,LOC111120052,LOC111120050,LOC111119286,LOC111118011,LOC111120189"
GO:MF,molecular adaptor activity,GO:0060090,0.076606849,1.115732402,41,254,2,39530,"LOC111132157,LOC111133564"
GO:MF,Glc3Man9GlcNAc2 oligosaccharide glucosidase activity,GO:0004573,0.076606849,1.115732402,4,287,1,39530,LOC111137731
GO:MF,glycosyltransferase activity,GO:0016757,0.079132257,1.101646447,354,75,3,39530,"LOC111122333,LOC111119527,LOC111119790"
GO:MF,O-acyltransferase activity,GO:0008374,0.082919204,1.081344875,10,127,1,39530,LOC111130842
GO:MF,FAD binding,GO:0071949,0.083688007,1.077336775,40,278,2,39530,"LOC111136234,LOC111136235"
GO:MF,purine ribonucleoside triphosphate binding,GO:0035639,0.085359218,1.068749571,1690,7,2,39530,"LOC111136710,LOC111103474"
GO:MF,purine ribonucleotide binding,GO:0032555,0.085359218,1.068749571,1705,7,2,39530,"LOC111136710,LOC111103474"
GO:MF,"acyltransferase activity, transferring groups other than amino-acyl groups",GO:0016747,0.085359218,1.068749571,162,171,3,39530,"LOC111130842,LOC111129477,LOC111131212"
GO:MF,ribonucleotide binding,GO:0032553,0.085724601,1.066894525,1717,7,2,39530,"LOC111136710,LOC111103474"
GO:MF,phospholipase C activity,GO:0004629,0.086649007,1.062236412,6,239,1,39530,LOC111132178
GO:MF,signaling receptor activator activity,GO:0030546,0.086649007,1.062236412,47,253,2,39530,"LOC111099098,LOC111133563"
GO:MF,purine nucleotide binding,GO:0017076,0.086649007,1.062236412,1783,7,2,39530,"LOC111136710,LOC111103474"
GO:MF,glucosidase activity,GO:0015926,0.086649007,1.062236412,5,287,1,39530,LOC111137731
GO:MF,arginine-tRNA ligase activity,GO:0004814,0.086649007,1.062236412,5,293,1,39530,LOC111136723
GO:MF,receptor ligand activity,GO:0048018,0.086649007,1.062236412,47,253,2,39530,"LOC111099098,LOC111133563"
GO:MF,phosphatidylinositol phospholipase C activity,GO:0004435,0.086649007,1.062236412,6,239,1,39530,LOC111132178
GO:MF,signaling receptor regulator activity,GO:0030545,0.0881457,1.054798868,48,253,2,39530,"LOC111099098,LOC111133563"
GO:MF,signaling adaptor activity,GO:0035591,0.0881457,1.054798868,6,254,1,39530,LOC111133564
GO:MF,ubiquitin binding,GO:0043130,0.089694143,1.047235915,28,56,1,39530,LOC111121901
GO:MF,transmembrane receptor protein tyrosine kinase activity,GO:0004714,0.090577216,1.042981034,11,146,1,39530,LOC111128465
GO:MF,microtubule motor activity,GO:0003777,0.090577216,1.042981034,72,415,3,39530,"LOC111119668,LOC111134649,LOC111108659"
GO:MF,carbohydrate derivative binding,GO:0097367,0.090577216,1.042981034,1867,7,2,39530,"LOC111136710,LOC111103474"
GO:MF,ubiquitin-like protein binding,GO:0032182,0.092382379,1.034410858,30,56,1,39530,LOC111121901
GO:MF,small conductance calcium-activated potassium channel activity,GO:0016286,0.092382379,1.034410858,10,168,1,39530,LOC111129005
GO:MF,NAD+ ADP-ribosyltransferase activity,GO:0003950,0.093206123,1.030555555,57,227,2,39530,"LOC111119527,LOC111099230"
GO:MF,"oxidoreductase activity, acting on the CH-NH group of donors, NAD or NADP as acceptor",GO:0016646,0.093206123,1.030555555,10,174,1,39530,LOC111128337
GO:MF,phosphatidylinositol bisphosphate phosphatase activity,GO:0034593,0.093206123,1.030555555,6,291,1,39530,LOC111136180
GO:MF,pseudouridine synthase activity,GO:0009982,0.093206123,1.030555555,11,157,1,39530,LOC111129080
GO:MF,"inositol 1,4,5-trisphosphate-sensitive calcium-release channel activity",GO:0005220,0.094091754,1.026448434,5,355,1,39530,LOC111138112
GO:MF,calcium-activated potassium channel activity,GO:0015269,0.096863362,1.013840459,11,168,1,39530,LOC111129005
GO:MF,"3',5'-cyclic-nucleotide phosphodiesterase activity",GO:0004114,0.096863362,1.013840459,19,98,1,39530,LOC111126760
GO:BP,cellular process,GO:0009987,0.004723994,2.325690697,8457,355,111,39530,"LOC111131721,LOC111112876,LOC111136710,LOC111121126,LOC111103474,LOC111124421,LOC111101946,LOC111117966,LOC111120050,LOC111120624,LOC111119286,LOC111119904,LOC111122333,LOC111119483,LOC111118767,LOC111119668,LOC111118011,LOC111122184,LOC111121901,LOC111119826,LOC111119790,LOC111119794,LOC111123111,LOC111125194,LOC111126760,LOC111127553,LOC111125408,LOC111125040,LOC111130899,LOC111130842,LOC111130483,LOC111128234,LOC111130738,LOC111129477,LOC111128854,LOC111128465,LOC111130818,LOC111131251,LOC111130500,LOC111131321,LOC111130888,LOC111129911,LOC111130067,LOC111129079,LOC111129080,LOC111129238,LOC111129165,LOC111131243,LOC111131209,LOC111131212,LOC111131391,LOC111131560,LOC111131056,LOC111128921,LOC111129857,LOC111129858,LOC111130538,LOC111136051,LOC111136760,LOC111137049,LOC111138472,LOC111136174,LOC111135147,LOC111137071,LOC111137641,LOC111132160,LOC111136305,LOC111136304,LOC111137505,LOC111137718,LOC111137118,LOC111132178,LOC111132186,LOC111132157,LOC111136297,LOC111099097,LOC111133564,LOC111138028,LOC111136239,LOC111136241,LOC111136234,LOC111136235,LOC111134969,LOC111133341,LOC111136180,LOC111136723,LOC111137319,LOC111136451,LOC111132244,LOC111134961,LOC111135868,LOC111135867,LOC111136727,LOC111133807,LOC111137553,LOC111137596,LOC111134649,LOC111134641,LOC111138013,LOC111137819,LOC111135002,LOC111135843,LOC111134000,LOC111135880,LOC111132341,LOC111138064,LOC111136126,LOC111135492,LOC111099171,LOC111132104,LOC111138112"
GO:BP,L-phenylalanine catabolic process,GO:0006559,0.006706703,2.173490918,2,412,2,39530,"LOC111103022,LOC111103021"
GO:BP,biological_process,GO:0008150,0.006706703,2.173490918,10065,358,125,39530,"LOC111131721,LOC111112876,LOC111136710,LOC111121126,LOC111103474,LOC111124421,LOC111101946,LOC111117966,LOC111120052,LOC111120050,LOC111120624,LOC111119286,LOC111119904,LOC111122333,LOC111119483,LOC111118767,LOC111119668,LOC111118011,LOC111122184,LOC111121901,LOC111120189,LOC111120714,LOC111119826,LOC111119790,LOC111119794,LOC111123111,LOC111122736,LOC111125194,LOC111126760,LOC111123250,LOC111127553,LOC111125408,LOC111125040,LOC111122629,LOC111124358,LOC111130899,LOC111130842,LOC111130483,LOC111128234,LOC111131462,LOC111130738,LOC111129477,LOC111128854,LOC111128465,LOC111130818,LOC111131251,LOC111130500,LOC111131321,LOC111130888,LOC111129911,LOC111130067,LOC111129079,LOC111129080,LOC111129238,LOC111129165,LOC111131243,LOC111129005,LOC111131209,LOC111131212,LOC111131391,LOC111131560,LOC111131056,LOC111128921,LOC111129857,LOC111129858,LOC111130538,LOC111136051,LOC111136760,LOC111137049,LOC111138472,LOC111136174,LOC111135147,LOC111137071,LOC111137641,LOC111132160,LOC111136305,LOC111136304,LOC111137505,LOC111137718,LOC111137118,LOC111132178,LOC111132186,LOC111132157,LOC111136297,LOC111099097,LOC111133563,LOC111133564,LOC111138028,LOC111136239,LOC111136241,LOC111136234,LOC111136235,LOC111134969,LOC111133341,LOC111137731,LOC111136180,LOC111136723,LOC111137319,LOC111136449,LOC111136451,LOC111132244,LOC111134961,LOC111135868,LOC111135867,LOC111136727,LOC111133807,LOC111137553,LOC111137596,LOC111134649,LOC111134641,LOC111138013,LOC111137819,LOC111135002,LOC111135843,LOC111134000,LOC111135880,LOC111132341,LOC111138064,LOC111136126,LOC111135492,LOC111099171,LOC111132104,LOC111138112,LOC111099222,LOC111133224"
GO:BP,L-phenylalanine metabolic process,GO:0006558,0.006706703,2.173490918,2,412,2,39530,"LOC111103022,LOC111103021"
GO:BP,cellular metabolic process,GO:0044237,0.006706703,2.173490918,4253,319,57,39530,"LOC111131721,LOC111136710,LOC111103474,LOC111117966,LOC111120050,LOC111119286,LOC111122333,LOC111119483,LOC111118767,LOC111118011,LOC111119826,LOC111119790,LOC111123111,LOC111125194,LOC111130842,LOC111130483,LOC111128234,LOC111130738,LOC111129477,LOC111128465,LOC111130500,LOC111130888,LOC111130067,LOC111129080,LOC111129165,LOC111131243,LOC111131209,LOC111131212,LOC111131560,LOC111131056,LOC111130538,LOC111136051,LOC111136760,LOC111135147,LOC111132160,LOC111136305,LOC111136304,LOC111137505,LOC111137718,LOC111132178,LOC111132186,LOC111099097,LOC111136239,LOC111136234,LOC111136235,LOC111134969,LOC111133341,LOC111136180,LOC111136723,LOC111136451,LOC111132244,LOC111134961,LOC111135868,LOC111135867,LOC111136727,LOC111137553,LOC111137596"
GO:BP,amino acid metabolic process,GO:0006520,0.006706703,2.173490918,191,430,10,39530,"LOC111135147,LOC111136234,LOC111136235,LOC111136723,LOC111132244,LOC111137596,LOC111103022,LOC111105201,LOC111103021,LOC111111318"
GO:BP,small molecule metabolic process,GO:0044281,0.006706703,2.173490918,690,430,21,39530,"LOC111120050,LOC111119483,LOC111125194,LOC111129477,LOC111130500,LOC111131209,LOC111131560,LOC111135147,LOC111136234,LOC111136235,LOC111136723,LOC111132244,LOC111134961,LOC111137596,LOC111132341,LOC111103307,LOC111103017,LOC111103022,LOC111105201,LOC111103021,LOC111111318"
GO:BP,erythrose 4-phosphate/phosphoenolpyruvate family amino acid metabolic process,GO:1902221,0.006706703,2.173490918,2,412,2,39530,"LOC111103022,LOC111103021"
GO:BP,erythrose 4-phosphate/phosphoenolpyruvate family amino acid catabolic process,GO:1902222,0.006706703,2.173490918,2,412,2,39530,"LOC111103022,LOC111103021"
GO:BP,intracellular cholesterol transport,GO:0032367,0.010811472,1.966115173,5,184,2,39530,"LOC111131391,LOC111128921"
GO:BP,cholesterol transport,GO:0030301,0.010811472,1.966115173,5,184,2,39530,"LOC111131391,LOC111128921"
GO:BP,organic acid metabolic process,GO:0006082,0.013064005,1.883923647,292,430,11,39530,"LOC111135147,LOC111136234,LOC111136235,LOC111136723,LOC111132244,LOC111137596,LOC111132341,LOC111103022,LOC111105201,LOC111103021,LOC111111318"
GO:BP,aromatic amino acid metabolic process,GO:0009072,0.013064005,1.883923647,34,412,4,39530,"LOC111135147,LOC111103022,LOC111105201,LOC111103021"
GO:BP,organic hydroxy compound transport,GO:0015850,0.013064005,1.883923647,7,184,2,39530,"LOC111131391,LOC111128921"
GO:BP,carboxylic acid metabolic process,GO:0019752,0.013064005,1.883923647,289,430,11,39530,"LOC111135147,LOC111136234,LOC111136235,LOC111136723,LOC111132244,LOC111137596,LOC111132341,LOC111103022,LOC111105201,LOC111103021,LOC111111318"
GO:BP,sterol transport,GO:0015918,0.013064005,1.883923647,7,184,2,39530,"LOC111131391,LOC111128921"
GO:BP,intracellular sterol transport,GO:0032366,0.013064005,1.883923647,7,184,2,39530,"LOC111131391,LOC111128921"
GO:BP,cellular lipid metabolic process,GO:0044255,0.013064005,1.883923647,229,304,8,39530,"LOC111122333,LOC111130842,LOC111130483,LOC111130738,LOC111136051,LOC111132178,LOC111136180,LOC111134961"
GO:BP,oxoacid metabolic process,GO:0043436,0.013064005,1.883923647,292,430,11,39530,"LOC111135147,LOC111136234,LOC111136235,LOC111136723,LOC111132244,LOC111137596,LOC111132341,LOC111103022,LOC111105201,LOC111103021,LOC111111318"
GO:BP,primary metabolic process,GO:0044238,0.014857606,1.828051174,5112,431,80,39530,"LOC111131721,LOC111136710,LOC111103474,LOC111120052,LOC111120050,LOC111119286,LOC111122333,LOC111119483,LOC111118767,LOC111118011,LOC111120189,LOC111119826,LOC111119790,LOC111125194,LOC111123250,LOC111130842,LOC111130483,LOC111128234,LOC111131462,LOC111130738,LOC111129477,LOC111128465,LOC111130500,LOC111130888,LOC111130067,LOC111129080,LOC111129165,LOC111131243,LOC111131209,LOC111131212,LOC111131560,LOC111131056,LOC111130538,LOC111136051,LOC111136760,LOC111135147,LOC111137641,LOC111132160,LOC111136305,LOC111136304,LOC111137505,LOC111137718,LOC111132178,LOC111132186,LOC111099097,LOC111136239,LOC111136234,LOC111136235,LOC111134969,LOC111133341,LOC111137731,LOC111136180,LOC111136723,LOC111136449,LOC111132244,LOC111134961,LOC111135868,LOC111135867,LOC111136727,LOC111137553,LOC111137596,LOC111138013,LOC111135880,LOC111132341,LOC111135492,LOC111099222,LOC111133224,LOC111099716,LOC111101602,LOC111100393,LOC111103307,LOC111104148,LOC111103017,LOC111103022,LOC111105201,LOC111103021,LOC111107760,LOC111109188,LOC111111318,LOC111112301"
GO:BP,intracellular lipid transport,GO:0032365,0.015711466,1.803783294,8,184,2,39530,"LOC111131391,LOC111128921"
GO:BP,cell-substrate adhesion,GO:0031589,0.017726127,1.75138615,79,20,2,39530,"LOC111124421,LOC111101946"
GO:BP,cell-matrix adhesion,GO:0007160,0.017726127,1.75138615,78,20,2,39530,"LOC111124421,LOC111101946"
GO:BP,regulation of nucleic acid-templated transcription,GO:1903506,0.018519027,1.732381832,677,349,15,39530,"LOC111128234,LOC111130888,LOC111130067,LOC111129165,LOC111131056,LOC111132160,LOC111136305,LOC111136304,LOC111137505,LOC111137718,LOC111132186,LOC111136239,LOC111137553,LOC111138013,LOC111135492"
GO:BP,alpha-amino acid metabolic process,GO:1901605,0.018519027,1.732381832,100,430,6,39530,"LOC111136234,LOC111136235,LOC111132244,LOC111103022,LOC111103021,LOC111111318"
GO:BP,RNA metabolic process,GO:0016070,0.018519027,1.732381832,1272,349,23,39530,"LOC111118767,LOC111118011,LOC111128234,LOC111130888,LOC111130067,LOC111129080,LOC111129165,LOC111131056,LOC111132160,LOC111136305,LOC111136304,LOC111137505,LOC111137718,LOC111132186,LOC111099097,LOC111136239,LOC111134969,LOC111133341,LOC111136723,LOC111135868,LOC111137553,LOC111138013,LOC111135492"
GO:BP,thymine catabolic process,GO:0006210,0.018519027,1.732381832,1,46,1,39530,LOC111119483
GO:BP,thymine metabolic process,GO:0019859,0.018519027,1.732381832,1,46,1,39530,LOC111119483
GO:BP,regulation of DNA-templated transcription,GO:0006355,0.018519027,1.732381832,677,349,15,39530,"LOC111128234,LOC111130888,LOC111130067,LOC111129165,LOC111131056,LOC111132160,LOC111136305,LOC111136304,LOC111137505,LOC111137718,LOC111132186,LOC111136239,LOC111137553,LOC111138013,LOC111135492"
GO:BP,"retrograde transport, endosome to Golgi",GO:0042147,0.018519027,1.732381832,13,152,2,39530,"LOC111127553,LOC111131321"
GO:BP,biosynthetic process,GO:0009058,0.018519027,1.732381832,1852,329,29,39530,"LOC111120050,LOC111122333,LOC111118767,LOC111119826,LOC111119790,LOC111123111,LOC111128234,LOC111130738,LOC111129477,LOC111130888,LOC111130067,LOC111129165,LOC111131056,LOC111130538,LOC111136051,LOC111135147,LOC111132160,LOC111136305,LOC111136304,LOC111137505,LOC111137718,LOC111132186,LOC111136239,LOC111136723,LOC111136451,LOC111134961,LOC111137553,LOC111137596,LOC111138013"
GO:BP,uracil metabolic process,GO:0019860,0.018519027,1.732381832,1,46,1,39530,LOC111119483
GO:BP,pyrimidine nucleobase catabolic process,GO:0006208,0.018519027,1.732381832,1,46,1,39530,LOC111119483
GO:BP,uracil catabolic process,GO:0006212,0.018519027,1.732381832,1,46,1,39530,LOC111119483
GO:BP,regulation of RNA biosynthetic process,GO:2001141,0.018519027,1.732381832,677,349,15,39530,"LOC111128234,LOC111130888,LOC111130067,LOC111129165,LOC111131056,LOC111132160,LOC111136305,LOC111136304,LOC111137505,LOC111137718,LOC111132186,LOC111136239,LOC111137553,LOC111138013,LOC111135492"
GO:BP,lipid metabolic process,GO:0006629,0.018550643,1.731641042,334,431,11,39530,"LOC111122333,LOC111123250,LOC111130842,LOC111130483,LOC111130738,LOC111136051,LOC111132178,LOC111136180,LOC111134961,LOC111103307,LOC111112301"
GO:BP,biological regulation,GO:0065007,0.018550643,1.731641042,2800,352,41,39530,"LOC111112876,LOC111121126,LOC111120050,LOC111120624,LOC111119794,LOC111126760,LOC111122629,LOC111128234,LOC111128854,LOC111128465,LOC111130818,LOC111130888,LOC111130067,LOC111129079,LOC111129238,LOC111129165,LOC111131056,LOC111136051,LOC111137049,LOC111138472,LOC111136174,LOC111137071,LOC111137641,LOC111132160,LOC111136305,LOC111136304,LOC111137505,LOC111137718,LOC111132178,LOC111132186,LOC111133564,LOC111136239,LOC111134969,LOC111137553,LOC111134649,LOC111134641,LOC111138013,LOC111137819,LOC111135002,LOC111135492,LOC111099171"
GO:BP,organic substance metabolic process,GO:0071704,0.018641209,1.729525914,5346,431,81,39530,"LOC111131721,LOC111136710,LOC111103474,LOC111120052,LOC111120050,LOC111119286,LOC111122333,LOC111119483,LOC111118767,LOC111118011,LOC111120189,LOC111119826,LOC111119790,LOC111123111,LOC111125194,LOC111123250,LOC111130842,LOC111130483,LOC111128234,LOC111131462,LOC111130738,LOC111129477,LOC111128465,LOC111130500,LOC111130888,LOC111130067,LOC111129080,LOC111129165,LOC111131243,LOC111131209,LOC111131560,LOC111131056,LOC111130538,LOC111136051,LOC111136760,LOC111135147,LOC111137641,LOC111132160,LOC111136305,LOC111136304,LOC111137505,LOC111137718,LOC111132178,LOC111132186,LOC111099097,LOC111136239,LOC111136234,LOC111136235,LOC111134969,LOC111133341,LOC111137731,LOC111136180,LOC111136723,LOC111136449,LOC111136451,LOC111132244,LOC111134961,LOC111135868,LOC111135867,LOC111136727,LOC111137553,LOC111137596,LOC111138013,LOC111135880,LOC111132341,LOC111135492,LOC111099222,LOC111133224,LOC111099716,LOC111101602,LOC111100393,LOC111103307,LOC111104148,LOC111103017,LOC111103022,LOC111105201,LOC111103021,LOC111107760,LOC111109188,LOC111111318,LOC111112301"
GO:BP,nucleotide-sugar metabolic process,GO:0009225,0.020438495,1.689551083,15,151,2,39530,"LOC111129477,LOC111130500"
GO:BP,regulation of biosynthetic process,GO:0009889,0.020438495,1.689551083,705,349,15,39530,"LOC111128234,LOC111130888,LOC111130067,LOC111129165,LOC111131056,LOC111132160,LOC111136305,LOC111136304,LOC111137505,LOC111137718,LOC111132186,LOC111136239,LOC111137553,LOC111138013,LOC111135492"
GO:BP,regulation of cellular biosynthetic process,GO:0031326,0.020438495,1.689551083,705,349,15,39530,"LOC111128234,LOC111130888,LOC111130067,LOC111129165,LOC111131056,LOC111132160,LOC111136305,LOC111136304,LOC111137505,LOC111137718,LOC111132186,LOC111136239,LOC111137553,LOC111138013,LOC111135492"
GO:BP,metabolic process,GO:0008152,0.020438495,1.689551083,5548,431,83,39530,"LOC111131721,LOC111136710,LOC111103474,LOC111117966,LOC111120052,LOC111120050,LOC111119286,LOC111122333,LOC111119483,LOC111118767,LOC111118011,LOC111120189,LOC111119826,LOC111119790,LOC111123111,LOC111125194,LOC111123250,LOC111130842,LOC111130483,LOC111128234,LOC111131462,LOC111130738,LOC111129477,LOC111128465,LOC111130500,LOC111130888,LOC111130067,LOC111129080,LOC111129165,LOC111131243,LOC111131209,LOC111131212,LOC111131560,LOC111131056,LOC111130538,LOC111136051,LOC111136760,LOC111135147,LOC111137641,LOC111132160,LOC111136305,LOC111136304,LOC111137505,LOC111137718,LOC111132178,LOC111132186,LOC111099097,LOC111136239,LOC111136234,LOC111136235,LOC111134969,LOC111133341,LOC111137731,LOC111136180,LOC111136723,LOC111136449,LOC111136451,LOC111132244,LOC111134961,LOC111135868,LOC111135867,LOC111136727,LOC111137553,LOC111137596,LOC111138013,LOC111135880,LOC111132341,LOC111135492,LOC111099222,LOC111133224,LOC111099716,LOC111101602,LOC111100393,LOC111103307,LOC111104148,LOC111103017,LOC111103022,LOC111105201,LOC111103021,LOC111107760,LOC111109188,LOC111111318,LOC111112301"
GO:BP,regulation of macromolecule biosynthetic process,GO:0010556,0.020438495,1.689551083,705,349,15,39530,"LOC111128234,LOC111130888,LOC111130067,LOC111129165,LOC111131056,LOC111132160,LOC111136305,LOC111136304,LOC111137505,LOC111137718,LOC111132186,LOC111136239,LOC111137553,LOC111138013,LOC111135492"
GO:BP,regulation of biological process,GO:0050789,0.020438495,1.689551083,2755,352,40,39530,"LOC111112876,LOC111121126,LOC111120050,LOC111120624,LOC111119794,LOC111126760,LOC111128234,LOC111128854,LOC111128465,LOC111130818,LOC111130888,LOC111130067,LOC111129079,LOC111129238,LOC111129165,LOC111131056,LOC111136051,LOC111137049,LOC111138472,LOC111136174,LOC111137071,LOC111137641,LOC111132160,LOC111136305,LOC111136304,LOC111137505,LOC111137718,LOC111132178,LOC111132186,LOC111133564,LOC111136239,LOC111134969,LOC111137553,LOC111134649,LOC111134641,LOC111138013,LOC111137819,LOC111135002,LOC111135492,LOC111099171"
GO:BP,regulation of RNA metabolic process,GO:0051252,0.020438495,1.689551083,694,349,15,39530,"LOC111128234,LOC111130888,LOC111130067,LOC111129165,LOC111131056,LOC111132160,LOC111136305,LOC111136304,LOC111137505,LOC111137718,LOC111132186,LOC111136239,LOC111137553,LOC111138013,LOC111135492"
GO:BP,regulation of cellular process,GO:0050794,0.020438495,1.689551083,2659,352,39,39530,"LOC111112876,LOC111121126,LOC111120050,LOC111120624,LOC111119794,LOC111126760,LOC111128234,LOC111128854,LOC111128465,LOC111130818,LOC111130888,LOC111130067,LOC111129079,LOC111129238,LOC111129165,LOC111131056,LOC111136051,LOC111137049,LOC111138472,LOC111136174,LOC111137071,LOC111137641,LOC111132160,LOC111136305,LOC111136304,LOC111137505,LOC111137718,LOC111132178,LOC111132186,LOC111133564,LOC111136239,LOC111137553,LOC111134649,LOC111134641,LOC111138013,LOC111137819,LOC111135002,LOC111135492,LOC111099171"
GO:BP,phospholipid metabolic process,GO:0006644,0.021545551,1.666642396,118,291,5,39530,"LOC111122333,LOC111130738,LOC111136051,LOC111132178,LOC111136180"
GO:BP,regulation of nucleobase-containing compound metabolic process,GO:0019219,0.021545551,1.666642396,711,349,15,39530,"LOC111128234,LOC111130888,LOC111130067,LOC111129165,LOC111131056,LOC111132160,LOC111136305,LOC111136304,LOC111137505,LOC111137718,LOC111132186,LOC111136239,LOC111137553,LOC111138013,LOC111135492"
GO:BP,regulation of gene expression,GO:0010468,0.022690471,1.644156486,791,349,16,39530,"LOC111128234,LOC111130888,LOC111130067,LOC111129165,LOC111131056,LOC111132160,LOC111136305,LOC111136304,LOC111137505,LOC111137718,LOC111132186,LOC111136239,LOC111134969,LOC111137553,LOC111138013,LOC111135492"
GO:BP,cytosolic transport,GO:0016482,0.02357178,1.627607629,18,152,2,39530,"LOC111127553,LOC111131321"
GO:BP,D-amino acid metabolic process,GO:0046416,0.02357178,1.627607629,10,278,2,39530,"LOC111136234,LOC111136235"
GO:BP,nucleobase catabolic process,GO:0046113,0.02491527,1.603534407,2,46,1,39530,LOC111119483
GO:BP,nucleobase-containing small molecule metabolic process,GO:0055086,0.0252606,1.597556341,314,169,6,39530,"LOC111120050,LOC111119483,LOC111125194,LOC111129477,LOC111130500,LOC111131209"
GO:BP,sensory perception of chemical stimulus,GO:0007606,0.026730629,1.572990822,2,64,1,39530,LOC111120714
GO:BP,xanthophyll cycle,GO:0010028,0.026730629,1.572990822,1,129,1,39530,LOC111130483
GO:BP,carotenoid metabolic process,GO:0016116,0.026730629,1.572990822,1,129,1,39530,LOC111130483
GO:BP,RNA biosynthetic process,GO:0032774,0.026730629,1.572990822,826,349,16,39530,"LOC111118767,LOC111128234,LOC111130888,LOC111130067,LOC111129165,LOC111131056,LOC111132160,LOC111136305,LOC111136304,LOC111137505,LOC111137718,LOC111132186,LOC111136239,LOC111137553,LOC111138013,LOC111135492"
GO:BP,phosphorylation,GO:0016310,0.026730629,1.572990822,489,7,2,39530,"LOC111136710,LOC111103474"
GO:BP,protein phosphorylation,GO:0006468,0.026730629,1.572990822,460,7,2,39530,"LOC111136710,LOC111103474"
GO:BP,sensory perception of taste,GO:0050909,0.026730629,1.572990822,2,64,1,39530,LOC111120714
GO:BP,phosphorus metabolic process,GO:0006793,0.026730629,1.572990822,1220,195,14,39530,"LOC111136710,LOC111103474,LOC111120050,LOC111119286,LOC111122333,LOC111125194,LOC111130738,LOC111129477,LOC111128465,LOC111130500,LOC111131243,LOC111131209,LOC111136051,LOC111136760"
GO:BP,DNA-templated transcription,GO:0006351,0.026730629,1.572990822,820,349,16,39530,"LOC111118767,LOC111128234,LOC111130888,LOC111130067,LOC111129165,LOC111131056,LOC111132160,LOC111136305,LOC111136304,LOC111137505,LOC111137718,LOC111132186,LOC111136239,LOC111137553,LOC111138013,LOC111135492"
GO:BP,nucleic acid-templated transcription,GO:0097659,0.026730629,1.572990822,820,349,16,39530,"LOC111118767,LOC111128234,LOC111130888,LOC111130067,LOC111129165,LOC111131056,LOC111132160,LOC111136305,LOC111136304,LOC111137505,LOC111137718,LOC111132186,LOC111136239,LOC111137553,LOC111138013,LOC111135492"
GO:BP,detection of chemical stimulus involved in sensory perception,GO:0050907,0.026730629,1.572990822,2,64,1,39530,LOC111120714
GO:BP,detection of chemical stimulus involved in sensory perception of taste,GO:0050912,0.026730629,1.572990822,2,64,1,39530,LOC111120714
GO:BP,organic substance biosynthetic process,GO:1901576,0.026730629,1.572990822,1815,329,27,39530,"LOC111120050,LOC111122333,LOC111118767,LOC111119826,LOC111119790,LOC111123111,LOC111128234,LOC111130738,LOC111129477,LOC111130888,LOC111130067,LOC111129165,LOC111131056,LOC111130538,LOC111136051,LOC111132160,LOC111136305,LOC111136304,LOC111137505,LOC111137718,LOC111132186,LOC111136239,LOC111136723,LOC111136451,LOC111134961,LOC111137553,LOC111138013"
GO:BP,xanthophyll metabolic process,GO:0016122,0.026730629,1.572990822,1,129,1,39530,LOC111130483
GO:BP,tetraterpenoid metabolic process,GO:0016108,0.026730629,1.572990822,1,129,1,39530,LOC111130483
GO:BP,regulation of cellular metabolic process,GO:0031323,0.027903067,1.554348056,762,349,15,39530,"LOC111128234,LOC111130888,LOC111130067,LOC111129165,LOC111131056,LOC111132160,LOC111136305,LOC111136304,LOC111137505,LOC111137718,LOC111132186,LOC111136239,LOC111137553,LOC111138013,LOC111135492"
GO:BP,DNA replication,GO:0006260,0.027903067,1.554348056,137,1,1,39530,LOC111131721
GO:BP,cellular biosynthetic process,GO:0044249,0.028011561,1.552662691,1758,329,26,39530,"LOC111120050,LOC111122333,LOC111118767,LOC111119826,LOC111119790,LOC111123111,LOC111128234,LOC111129477,LOC111130888,LOC111130067,LOC111129165,LOC111131056,LOC111130538,LOC111136051,LOC111132160,LOC111136305,LOC111136304,LOC111137505,LOC111137718,LOC111132186,LOC111136239,LOC111136723,LOC111136451,LOC111134961,LOC111137553,LOC111138013"
GO:BP,UDP-glucose metabolic process,GO:0006011,0.028505431,1.545072392,1,151,1,39530,LOC111130500
GO:BP,regulation of primary metabolic process,GO:0080090,0.028505431,1.545072392,769,349,15,39530,"LOC111128234,LOC111130888,LOC111130067,LOC111129165,LOC111131056,LOC111132160,LOC111136305,LOC111136304,LOC111137505,LOC111137718,LOC111132186,LOC111136239,LOC111137553,LOC111138013,LOC111135492"
GO:BP,regulation of macromolecule metabolic process,GO:0060255,0.028505431,1.545072392,846,349,16,39530,"LOC111128234,LOC111130888,LOC111130067,LOC111129165,LOC111131056,LOC111132160,LOC111136305,LOC111136304,LOC111137505,LOC111137718,LOC111132186,LOC111136239,LOC111134969,LOC111137553,LOC111138013,LOC111135492"
GO:BP,regulation of nitrogen compound metabolic process,GO:0051171,0.028505431,1.545072392,769,349,15,39530,"LOC111128234,LOC111130888,LOC111130067,LOC111129165,LOC111131056,LOC111132160,LOC111136305,LOC111136304,LOC111137505,LOC111137718,LOC111132186,LOC111136239,LOC111137553,LOC111138013,LOC111135492"
GO:BP,intracellular signal transduction,GO:0035556,0.029363297,1.532195184,328,239,7,39530,"LOC111120050,LOC111119794,LOC111129079,LOC111129238,LOC111136051,LOC111137641,LOC111132178"
GO:BP,endosomal transport,GO:0016197,0.03007772,1.521755087,25,152,2,39530,"LOC111127553,LOC111131321"
GO:BP,phospholipid biosynthetic process,GO:0008654,0.030920773,1.509749657,67,193,3,39530,"LOC111122333,LOC111130738,LOC111136051"
GO:BP,regulation of metabolic process,GO:0019222,0.030920773,1.509749657,858,349,16,39530,"LOC111128234,LOC111130888,LOC111130067,LOC111129165,LOC111131056,LOC111132160,LOC111136305,LOC111136304,LOC111137505,LOC111137718,LOC111132186,LOC111136239,LOC111134969,LOC111137553,LOC111138013,LOC111135492"
GO:BP,regulation of small GTPase mediated signal transduction,GO:0051056,0.032378856,1.489738494,25,161,2,39530,"LOC111129079,LOC111129238"
GO:BP,gene expression,GO:0010467,0.032489055,1.488262915,1524,329,23,39530,"LOC111118767,LOC111118011,LOC111119826,LOC111128234,LOC111130888,LOC111130067,LOC111129165,LOC111131056,LOC111130538,LOC111132160,LOC111136305,LOC111136304,LOC111137505,LOC111137718,LOC111132186,LOC111099097,LOC111136239,LOC111134969,LOC111133341,LOC111136723,LOC111135868,LOC111137553,LOC111138013"
GO:BP,detection of chemical stimulus,GO:0009593,0.032543118,1.487540837,3,64,1,39530,LOC111120714
GO:BP,detection of stimulus involved in sensory perception,GO:0050906,0.032543118,1.487540837,3,64,1,39530,LOC111120714
GO:BP,organic cyclic compound catabolic process,GO:1901361,0.032806801,1.484036122,105,412,5,39530,"LOC111119483,LOC111134969,LOC111103017,LOC111103022,LOC111103021"
GO:BP,glandular epithelial cell development,GO:0002068,0.034901243,1.4571591,1,318,1,39530,LOC111137553
GO:BP,type B pancreatic cell differentiation,GO:0003309,0.034901243,1.4571591,1,318,1,39530,LOC111137553
GO:BP,regulation of protein localization,GO:0032880,0.034901243,1.4571591,1,318,1,39530,LOC111137553
GO:BP,regulation of peptide secretion,GO:0002791,0.034901243,1.4571591,1,318,1,39530,LOC111137553
GO:BP,peptide secretion,GO:0002790,0.034901243,1.4571591,1,318,1,39530,LOC111137553
GO:BP,type B pancreatic cell development,GO:0003323,0.034901243,1.4571591,1,318,1,39530,LOC111137553
GO:BP,lipid droplet organization,GO:0034389,0.034901243,1.4571591,1,268,1,39530,LOC111136241
GO:BP,columnar/cuboidal epithelial cell development,GO:0002066,0.034901243,1.4571591,1,318,1,39530,LOC111137553
GO:BP,columnar/cuboidal epithelial cell differentiation,GO:0002065,0.034901243,1.4571591,1,318,1,39530,LOC111137553
GO:BP,epithelial cell development,GO:0002064,0.034901243,1.4571591,1,318,1,39530,LOC111137553
GO:BP,liver development,GO:0001889,0.034901243,1.4571591,1,318,1,39530,LOC111137553
GO:BP,endocrine pancreas development,GO:0031018,0.034901243,1.4571591,1,318,1,39530,LOC111137553
GO:BP,pancreas development,GO:0031016,0.034901243,1.4571591,1,318,1,39530,LOC111137553
GO:BP,aromatic compound biosynthetic process,GO:0019438,0.034901243,1.4571591,1145,349,19,39530,"LOC111120050,LOC111118767,LOC111128234,LOC111129477,LOC111130888,LOC111130067,LOC111129165,LOC111131056,LOC111132160,LOC111136305,LOC111136304,LOC111137505,LOC111137718,LOC111132186,LOC111136239,LOC111136451,LOC111137553,LOC111138013,LOC111135492"
GO:BP,insulin secretion,GO:0030073,0.034901243,1.4571591,1,318,1,39530,LOC111137553
GO:BP,peptide hormone secretion,GO:0030072,0.034901243,1.4571591,1,318,1,39530,LOC111137553
GO:BP,glandular epithelial cell differentiation,GO:0002067,0.034901243,1.4571591,1,318,1,39530,LOC111137553
GO:BP,regulation of histone modification,GO:0031056,0.034901243,1.4571591,2,153,1,39530,LOC111130888
GO:BP,nucleobase-containing compound biosynthetic process,GO:0034654,0.034901243,1.4571591,1078,267,15,39530,"LOC111120050,LOC111118767,LOC111128234,LOC111129477,LOC111130888,LOC111130067,LOC111129165,LOC111131056,LOC111132160,LOC111136305,LOC111136304,LOC111137505,LOC111137718,LOC111132186,LOC111136239"
GO:BP,regulation of histone acetylation,GO:0035065,0.034901243,1.4571591,2,153,1,39530,LOC111130888
GO:BP,regulation of protein acetylation,GO:1901983,0.034901243,1.4571591,2,153,1,39530,LOC111130888
GO:BP,regulation of mitotic spindle assembly,GO:1901673,0.034901243,1.4571591,1,322,1,39530,LOC111134649
GO:BP,3-keto-sphinganine metabolic process,GO:0006666,0.034901243,1.4571591,1,304,1,39530,LOC111134961
GO:BP,mitochondrial respirasome assembly,GO:0097250,0.034901243,1.4571591,1,316,1,39530,LOC111133807
GO:BP,regulation of peptide hormone secretion,GO:0090276,0.034901243,1.4571591,1,318,1,39530,LOC111137553
GO:BP,regulation of spindle assembly,GO:0090169,0.034901243,1.4571591,1,322,1,39530,LOC111134649
GO:BP,regulation of peptide transport,GO:0090087,0.034901243,1.4571591,1,318,1,39530,LOC111137553
GO:BP,macromolecule biosynthetic process,GO:0009059,0.034901243,1.4571591,1287,349,21,39530,"LOC111122333,LOC111118767,LOC111119826,LOC111119790,LOC111128234,LOC111130888,LOC111130067,LOC111129165,LOC111131056,LOC111130538,LOC111132160,LOC111136305,LOC111136304,LOC111137505,LOC111137718,LOC111132186,LOC111136239,LOC111136723,LOC111137553,LOC111138013,LOC111135492"
GO:BP,hepatocyte differentiation,GO:0070365,0.034901243,1.4571591,1,318,1,39530,LOC111137553
GO:BP,regulation of establishment of protein localization,GO:0070201,0.034901243,1.4571591,1,318,1,39530,LOC111137553
GO:BP,G protein-coupled receptor signaling pathway,GO:0007186,0.034901243,1.4571591,778,6,2,39530,"LOC111112876,LOC111121126"
GO:BP,regulation of peptidyl-lysine acetylation,GO:2000756,0.034901243,1.4571591,2,153,1,39530,LOC111130888
GO:BP,hepaticobiliary system development,GO:0061008,0.034901243,1.4571591,1,318,1,39530,LOC111137553
GO:BP,detection of stimulus,GO:0051606,0.034901243,1.4571591,4,64,1,39530,LOC111120714
GO:BP,endocrine system development,GO:0035270,0.034901243,1.4571591,1,318,1,39530,LOC111137553
GO:BP,enteroendocrine cell differentiation,GO:0035883,0.034901243,1.4571591,1,318,1,39530,LOC111137553
GO:BP,cellular nitrogen compound biosynthetic process,GO:0044271,0.034901243,1.4571591,1398,222,16,39530,"LOC111120050,LOC111118767,LOC111119826,LOC111123111,LOC111128234,LOC111129477,LOC111130888,LOC111130067,LOC111129165,LOC111131056,LOC111130538,LOC111132160,LOC111136305,LOC111136304,LOC111137505,LOC111137718"
GO:BP,cellular localization,GO:0051641,0.034901243,1.4571591,344,247,7,39530,"LOC111121901,LOC111127553,LOC111131321,LOC111131391,LOC111128921,LOC111137118,LOC111132157"
GO:BP,hormone secretion,GO:0046879,0.034901243,1.4571591,1,318,1,39530,LOC111137553
GO:BP,sphingoid metabolic process,GO:0046519,0.034901243,1.4571591,1,304,1,39530,LOC111134961
GO:BP,gland development,GO:0048732,0.034901243,1.4571591,1,318,1,39530,LOC111137553
GO:BP,regulation of protein secretion,GO:0050708,0.034901243,1.4571591,1,318,1,39530,LOC111137553
GO:BP,regulation of insulin secretion,GO:0050796,0.034901243,1.4571591,1,318,1,39530,LOC111137553
GO:BP,hormone transport,GO:0009914,0.034901243,1.4571591,1,318,1,39530,LOC111137553
GO:BP,regulation of protein transport,GO:0051223,0.034901243,1.4571591,1,318,1,39530,LOC111137553
GO:BP,regulation of hormone secretion,GO:0046883,0.034901243,1.4571591,1,318,1,39530,LOC111137553
GO:BP,cellular aromatic compound metabolic process,GO:0006725,0.035139676,1.454202243,2403,349,33,39530,"LOC111131721,LOC111120050,LOC111119483,LOC111118767,LOC111118011,LOC111125194,LOC111128234,LOC111129477,LOC111130500,LOC111130888,LOC111130067,LOC111129080,LOC111129165,LOC111131209,LOC111131056,LOC111135147,LOC111132160,LOC111136305,LOC111136304,LOC111137505,LOC111137718,LOC111132186,LOC111099097,LOC111136239,LOC111134969,LOC111133341,LOC111136723,LOC111136451,LOC111135868,LOC111137553,LOC111138013,LOC111132341,LOC111135492"
GO:BP,organic cyclic compound biosynthetic process,GO:1901362,0.035161208,1.453936209,1167,349,19,39530,"LOC111120050,LOC111118767,LOC111128234,LOC111129477,LOC111130888,LOC111130067,LOC111129165,LOC111131056,LOC111132160,LOC111136305,LOC111136304,LOC111137505,LOC111137718,LOC111132186,LOC111136239,LOC111136451,LOC111137553,LOC111138013,LOC111135492"
GO:BP,glutathione biosynthetic process,GO:0006750,0.035220438,1.45320525,4,84,1,39530,LOC111123111
GO:BP,nonribosomal peptide biosynthetic process,GO:0019184,0.035220438,1.45320525,4,84,1,39530,LOC111123111
GO:BP,cell adhesion,GO:0007155,0.035290289,1.452344784,277,20,2,39530,"LOC111124421,LOC111101946"
GO:BP,alditol metabolic process,GO:0019400,0.03632814,1.439756834,2,177,1,39530,LOC111131560
GO:BP,glycerol metabolic process,GO:0006071,0.03632814,1.439756834,2,177,1,39530,LOC111131560
GO:BP,pyrimidine nucleobase metabolic process,GO:0006206,0.037425457,1.426832891,8,46,1,39530,LOC111119483
GO:BP,intracellular transport,GO:0046907,0.038823226,1.410908376,289,247,6,39530,"LOC111121901,LOC111127553,LOC111131321,LOC111131391,LOC111128921,LOC111132157"
GO:BP,protein metabolic process,GO:0019538,0.038823226,1.410908376,2251,75,10,39530,"LOC111136710,LOC111103474,LOC111120052,LOC111120050,LOC111119286,LOC111122333,LOC111118011,LOC111120189,LOC111119826,LOC111119790"
GO:BP,heterocycle biosynthetic process,GO:0018130,0.038823226,1.410908376,1124,242,14,39530,"LOC111120050,LOC111118767,LOC111128234,LOC111129477,LOC111130888,LOC111130067,LOC111129165,LOC111131056,LOC111132160,LOC111136305,LOC111136304,LOC111137505,LOC111137718,LOC111132186"
GO:BP,organonitrogen compound metabolic process,GO:1901564,0.038823226,1.410908376,2672,93,13,39530,"LOC111136710,LOC111103474,LOC111120052,LOC111120050,LOC111119286,LOC111122333,LOC111119483,LOC111118011,LOC111120189,LOC111119826,LOC111119790,LOC111123111,LOC111125194"
GO:BP,organic cyclic compound metabolic process,GO:1901360,0.038823226,1.410908376,2433,349,33,39530,"LOC111131721,LOC111120050,LOC111119483,LOC111118767,LOC111118011,LOC111125194,LOC111128234,LOC111129477,LOC111130500,LOC111130888,LOC111130067,LOC111129080,LOC111129165,LOC111131209,LOC111131056,LOC111135147,LOC111132160,LOC111136305,LOC111136304,LOC111137505,LOC111137718,LOC111132186,LOC111099097,LOC111136239,LOC111134969,LOC111133341,LOC111136723,LOC111136451,LOC111135868,LOC111137553,LOC111138013,LOC111132341,LOC111135492"
GO:BP,polyprenol biosynthetic process,GO:0016094,0.039064874,1.408213568,1,402,1,39530,LOC111103307
GO:BP,dolichol biosynthetic process,GO:0019408,0.039064874,1.408213568,1,402,1,39530,LOC111103307
GO:BP,protein modification process,GO:0036211,0.041739239,1.379455473,1376,54,6,39530,"LOC111136710,LOC111103474,LOC111120050,LOC111119286,LOC111122333,LOC111118011"
GO:BP,macromolecule localization,GO:0033036,0.043310525,1.363406549,301,318,7,39530,"LOC111121901,LOC111131391,LOC111128921,LOC111137118,LOC111132157,LOC111136241,LOC111137553"
GO:BP,pyrimidine-containing compound catabolic process,GO:0072529,0.043571307,1.360799409,10,46,1,39530,LOC111119483
GO:BP,establishment of localization in cell,GO:0051649,0.044248783,1.354098673,301,247,6,39530,"LOC111121901,LOC111127553,LOC111131321,LOC111131391,LOC111128921,LOC111132157"
GO:BP,organophosphate metabolic process,GO:0019637,0.044248783,1.354098673,424,341,9,39530,"LOC111120050,LOC111122333,LOC111125194,LOC111130738,LOC111131209,LOC111136051,LOC111132178,LOC111136180,LOC111132341"
GO:BP,phosphate-containing compound metabolic process,GO:0006796,0.044248783,1.354098673,1211,45,5,39530,"LOC111136710,LOC111103474,LOC111120050,LOC111119286,LOC111122333"
GO:BP,cellular nitrogen compound metabolic process,GO:0034641,0.045074374,1.346070296,2567,349,34,39530,"LOC111131721,LOC111120050,LOC111119483,LOC111118767,LOC111118011,LOC111119826,LOC111123111,LOC111125194,LOC111128234,LOC111129477,LOC111130500,LOC111130888,LOC111130067,LOC111129080,LOC111129165,LOC111131209,LOC111131056,LOC111130538,LOC111132160,LOC111136305,LOC111136304,LOC111137505,LOC111137718,LOC111132186,LOC111099097,LOC111136239,LOC111134969,LOC111133341,LOC111136723,LOC111135868,LOC111137553,LOC111138013,LOC111132341,LOC111135492"
GO:BP,purine nucleotide metabolic process,GO:0006163,0.045327275,1.343640388,112,169,3,39530,"LOC111120050,LOC111125194,LOC111131209"
GO:BP,isoprenoid metabolic process,GO:0006720,0.045838591,1.338768739,17,402,2,39530,"LOC111130483,LOC111103307"
GO:BP,nucleobase-containing compound metabolic process,GO:0006139,0.045838591,1.338768739,2294,349,31,39530,"LOC111131721,LOC111120050,LOC111119483,LOC111118767,LOC111118011,LOC111125194,LOC111128234,LOC111129477,LOC111130500,LOC111130888,LOC111130067,LOC111129080,LOC111129165,LOC111131209,LOC111131056,LOC111132160,LOC111136305,LOC111136304,LOC111137505,LOC111137718,LOC111132186,LOC111099097,LOC111136239,LOC111134969,LOC111133341,LOC111136723,LOC111135868,LOC111137553,LOC111138013,LOC111132341,LOC111135492"
GO:BP,phosphatidylinositol metabolic process,GO:0046488,0.04585553,1.338608281,66,291,3,39530,"LOC111122333,LOC111136051,LOC111136180"
GO:BP,terpenoid metabolic process,GO:0006721,0.046085932,1.336431625,4,129,1,39530,LOC111130483
GO:BP,organonitrogen compound biosynthetic process,GO:1901566,0.046358798,1.33386783,657,84,5,39530,"LOC111120050,LOC111122333,LOC111119826,LOC111119790,LOC111123111"
GO:BP,cGMP biosynthetic process,GO:0006182,0.046966085,1.328215636,20,27,1,39530,LOC111120050
GO:BP,lipid storage,GO:0019915,0.046966085,1.328215636,2,268,1,39530,LOC111136241
GO:BP,cGMP metabolic process,GO:0046068,0.046966085,1.328215636,20,27,1,39530,LOC111120050
GO:BP,nitrogen compound metabolic process,GO:0006807,0.048182727,1.317108624,4671,420,65,39530,"LOC111131721,LOC111136710,LOC111103474,LOC111120052,LOC111120050,LOC111119286,LOC111122333,LOC111119483,LOC111118767,LOC111118011,LOC111120189,LOC111119826,LOC111119790,LOC111123111,LOC111125194,LOC111128234,LOC111129477,LOC111128465,LOC111130500,LOC111130888,LOC111130067,LOC111129080,LOC111129165,LOC111131243,LOC111131209,LOC111131056,LOC111130538,LOC111136760,LOC111135147,LOC111137641,LOC111132160,LOC111136305,LOC111136304,LOC111137505,LOC111137718,LOC111132186,LOC111099097,LOC111136239,LOC111136234,LOC111136235,LOC111134969,LOC111133341,LOC111136723,LOC111136449,LOC111132244,LOC111134961,LOC111135868,LOC111135867,LOC111136727,LOC111137553,LOC111137596,LOC111138013,LOC111135880,LOC111132341,LOC111135492,LOC111133224,LOC111101602,LOC111100393,LOC111104148,LOC111103017,LOC111103022,LOC111105201,LOC111103021,LOC111107760,LOC111109188"
GO:BP,deadenylation-independent decapping of nuclear-transcribed mRNA,GO:0031087,0.048182727,1.317108624,2,280,1,39530,LOC111134969
GO:BP,"nuclear-transcribed mRNA catabolic process, deadenylation-independent decay",GO:0031086,0.048182727,1.317108624,2,280,1,39530,LOC111134969
GO:BP,macromolecule modification,GO:0043412,0.049242363,1.307661112,1466,54,6,39530,"LOC111136710,LOC111103474,LOC111120050,LOC111119286,LOC111122333,LOC111118011"
GO:BP,purine-containing compound metabolic process,GO:0072521,0.050167442,1.299578044,120,169,3,39530,"LOC111120050,LOC111125194,LOC111131209"
GO:BP,homocysteine metabolic process,GO:0050667,0.050167442,1.299578044,2,302,1,39530,LOC111132244
GO:BP,homoserine metabolic process,GO:0009092,0.050167442,1.299578044,2,302,1,39530,LOC111132244
GO:BP,transsulfuration,GO:0019346,0.050167442,1.299578044,2,302,1,39530,LOC111132244
GO:BP,cyclic purine nucleotide metabolic process,GO:0052652,0.050374196,1.297791876,23,27,1,39530,LOC111120050
GO:BP,protein localization to extracellular region,GO:0071692,0.050374196,1.297791876,2,318,1,39530,LOC111137553
GO:BP,establishment of protein localization to extracellular region,GO:0035592,0.050374196,1.297791876,2,318,1,39530,LOC111137553
GO:BP,regulation of cellular localization,GO:0060341,0.050374196,1.297791876,2,318,1,39530,LOC111137553
GO:BP,regulation of hormone levels,GO:0010817,0.050374196,1.297791876,2,318,1,39530,LOC111137553
GO:BP,epithelial cell differentiation,GO:0030855,0.050374196,1.297791876,2,318,1,39530,LOC111137553
GO:BP,lipid biosynthetic process,GO:0008610,0.050374196,1.297791876,143,402,5,39530,"LOC111122333,LOC111130738,LOC111136051,LOC111134961,LOC111103307"
GO:BP,protein secretion,GO:0009306,0.050374196,1.297791876,2,318,1,39530,LOC111137553
GO:BP,serine family amino acid metabolic process,GO:0009069,0.050374196,1.297791876,18,430,2,39530,"LOC111132244,LOC111111318"
GO:BP,mitotic spindle assembly,GO:0090307,0.050488708,1.296805743,2,322,1,39530,LOC111134649
GO:BP,carbohydrate derivative metabolic process,GO:1901135,0.051481483,1.288348954,474,169,6,39530,"LOC111120050,LOC111122333,LOC111119790,LOC111129477,LOC111130500,LOC111131209"
GO:BP,DNA metabolic process,GO:0006259,0.052781229,1.2775205,678,1,1,39530,LOC111131721
GO:BP,nucleobase metabolic process,GO:0009112,0.05299662,1.275751827,15,46,1,39530,LOC111119483
GO:BP,amino sugar biosynthetic process,GO:0046349,0.054443605,1.264053129,5,144,1,39530,LOC111129477
GO:BP,UDP-N-acetylglucosamine biosynthetic process,GO:0006048,0.054443605,1.264053129,5,144,1,39530,LOC111129477
GO:BP,UDP-N-acetylglucosamine metabolic process,GO:0006047,0.054443605,1.264053129,5,144,1,39530,LOC111129477
GO:BP,regulation of intracellular signal transduction,GO:1902531,0.05523985,1.257747507,51,161,2,39530,"LOC111129079,LOC111129238"
GO:BP,heterocycle metabolic process,GO:0046483,0.055858327,1.252912078,2365,349,31,39530,"LOC111131721,LOC111120050,LOC111119483,LOC111118767,LOC111118011,LOC111125194,LOC111128234,LOC111129477,LOC111130500,LOC111130888,LOC111130067,LOC111129080,LOC111129165,LOC111131209,LOC111131056,LOC111132160,LOC111136305,LOC111136304,LOC111137505,LOC111137718,LOC111132186,LOC111099097,LOC111136239,LOC111134969,LOC111133341,LOC111136723,LOC111135868,LOC111137553,LOC111138013,LOC111132341,LOC111135492"
GO:BP,dolichol metabolic process,GO:0019348,0.058704954,1.231325244,2,402,1,39530,LOC111103307
GO:BP,polyprenol metabolic process,GO:0016093,0.058704954,1.231325244,2,402,1,39530,LOC111103307
GO:BP,DNA replication-dependent chromatin assembly,GO:0006335,0.058704954,1.231325244,2,396,1,39530,LOC111102580
GO:BP,vesicle-mediated transport,GO:0016192,0.058704954,1.231325244,241,253,5,39530,"LOC111121901,LOC111127553,LOC111131321,LOC111132157,LOC111133563"
GO:BP,glycerophospholipid metabolic process,GO:0006650,0.058704954,1.231325244,78,291,3,39530,"LOC111122333,LOC111136051,LOC111136180"
GO:BP,protein refolding,GO:0042026,0.061676537,1.209880019,2,432,1,39530,LOC111112302
GO:BP,glycerolipid metabolic process,GO:0046486,0.061676537,1.209880019,80,291,3,39530,"LOC111122333,LOC111136051,LOC111136180"
GO:BP,regulation of growth,GO:0040008,0.061676537,1.209880019,4,216,1,39530,LOC111137641
GO:BP,lipid localization,GO:0010876,0.061676537,1.209880019,87,268,3,39530,"LOC111131391,LOC111128921,LOC111136241"
GO:BP,aromatic amino acid family catabolic process,GO:0009074,0.061676537,1.209880019,22,412,2,39530,"LOC111103022,LOC111103021"
GO:BP,aromatic compound catabolic process,GO:0019439,0.06223033,1.205997898,102,412,4,39530,"LOC111134969,LOC111103017,LOC111103022,LOC111103021"
GO:BP,phosphatidylinositol biosynthetic process,GO:0006661,0.06223033,1.205997898,47,193,2,39530,"LOC111122333,LOC111136051"
GO:BP,cysteine metabolic process,GO:0006534,0.063345439,1.198284648,3,302,1,39530,LOC111132244
GO:BP,peptide transport,GO:0015833,0.066342712,1.17820678,3,318,1,39530,LOC111137553
GO:BP,regulation of spindle organization,GO:0090224,0.066508618,1.177122074,3,322,1,39530,LOC111134649
GO:BP,regulation of mitotic spindle organization,GO:0060236,0.066508618,1.177122074,3,322,1,39530,LOC111134649
GO:BP,signal transduction,GO:0007165,0.067216839,1.172521912,1697,6,2,39530,"LOC111112876,LOC111121126"
GO:BP,signaling,GO:0023052,0.069434596,1.158424087,1731,6,2,39530,"LOC111112876,LOC111121126"
GO:BP,cell communication,GO:0007154,0.071900907,1.143265632,1768,6,2,39530,"LOC111112876,LOC111121126"
GO:BP,maintenance of location,GO:0051235,0.072235403,1.141249899,4,268,1,39530,LOC111136241
GO:BP,localization,GO:0051179,0.075373696,1.122780187,1757,355,24,39530,"LOC111119904,LOC111122184,LOC111121901,LOC111122736,LOC111127553,LOC111125040,LOC111130899,LOC111131251,LOC111131321,LOC111129005,LOC111131391,LOC111128921,LOC111129857,LOC111137118,LOC111132157,LOC111136297,LOC111133563,LOC111136241,LOC111137319,LOC111137553,LOC111135843,LOC111138064,LOC111132104,LOC111138112"
GO:BP,microtubule-based movement,GO:0007018,0.075373696,1.122780187,109,415,4,39530,"LOC111119668,LOC111134649,LOC111134000,LOC111108659"
GO:BP,snRNA 3'-end processing,GO:0034472,0.075373696,1.122780187,4,283,1,39530,LOC111133341
GO:BP,macromolecule metabolic process,GO:0043170,0.076608632,1.11572229,4138,7,3,39530,"LOC111131721,LOC111136710,LOC111103474"
GO:BP,glycerophospholipid biosynthetic process,GO:0046474,0.078117548,1.107251399,55,193,2,39530,"LOC111122333,LOC111136051"
GO:BP,sulfur compound metabolic process,GO:0006790,0.078715013,1.103942426,88,302,3,39530,"LOC111123111,LOC111131209,LOC111132244"
GO:BP,cyclic nucleotide biosynthetic process,GO:0009190,0.07885296,1.103182001,45,27,1,39530,LOC111120050
GO:BP,cyclic nucleotide metabolic process,GO:0009187,0.080204062,1.095803636,46,27,1,39530,LOC111120050
GO:BP,cellular modified amino acid biosynthetic process,GO:0042398,0.080997644,1.091527614,15,84,1,39530,LOC111123111
GO:BP,lipid homeostasis,GO:0055088,0.081232769,1.090268743,4,318,1,39530,LOC111137553
GO:BP,glycerolipid biosynthetic process,GO:0045017,0.081232769,1.090268743,57,193,2,39530,"LOC111122333,LOC111136051"
GO:BP,regulation of organelle assembly,GO:1902115,0.081866529,1.086893622,4,322,1,39530,LOC111134649
GO:BP,cellular response to stimulus,GO:0051716,0.083535737,1.078127689,1984,6,2,39530,"LOC111112876,LOC111121126"
GO:BP,pyrimidine-containing compound metabolic process,GO:0072527,0.083711382,1.07721549,29,46,1,39530,LOC111119483
GO:BP,cellular macromolecule metabolic process,GO:0044260,0.085431979,1.068379534,1346,1,1,39530,LOC111131721
GO:BP,nervous system process,GO:0050877,0.087102479,1.059969484,22,64,1,39530,LOC111120714
GO:BP,sensory perception,GO:0007600,0.087102479,1.059969484,22,64,1,39530,LOC111120714
GO:BP,GPI anchor metabolic process,GO:0006505,0.08785955,1.056211027,32,45,1,39530,LOC111122333
GO:BP,phospholipid catabolic process,GO:0009395,0.08785955,1.056211027,6,239,1,39530,LOC111132178
GO:BP,GPI anchor biosynthetic process,GO:0006506,0.08785955,1.056211027,32,45,1,39530,LOC111122333
GO:BP,carbohydrate derivative biosynthetic process,GO:1901137,0.088635134,1.052394093,382,75,3,39530,"LOC111120050,LOC111122333,LOC111119790"
GO:BP,arginyl-tRNA aminoacylation,GO:0006420,0.088820695,1.051485831,5,293,1,39530,LOC111136723
GO:BP,glutathione metabolic process,GO:0006749,0.09049628,1.043369273,18,84,1,39530,LOC111123111
GO:BP,organic substance catabolic process,GO:1901575,0.09049628,1.043369273,363,412,8,39530,"LOC111119483,LOC111132178,LOC111134969,LOC111135880,LOC111132341,LOC111103017,LOC111103022,LOC111103021"
GO:BP,response to stimulus,GO:0050896,0.09049628,1.043369273,2129,6,2,39530,"LOC111112876,LOC111121126"
GO:BP,purine ribonucleotide metabolic process,GO:0009150,0.092127586,1.035610309,86,341,3,39530,"LOC111120050,LOC111131209,LOC111132341"
GO:BP,regulation of secretion by cell,GO:1903530,0.09381925,1.027708045,5,318,1,39530,LOC111137553
GO:BP,regulation of secretion,GO:0051046,0.09381925,1.027708045,5,318,1,39530,LOC111137553
GO:BP,transport,GO:0006810,0.096066239,1.017429212,1730,355,23,39530,"LOC111119904,LOC111122184,LOC111121901,LOC111122736,LOC111127553,LOC111125040,LOC111130899,LOC111131251,LOC111131321,LOC111129005,LOC111131391,LOC111128921,LOC111129857,LOC111137118,LOC111132157,LOC111136297,LOC111133563,LOC111137319,LOC111137553,LOC111135843,LOC111138064,LOC111132104,LOC111138112"
GO:BP,ribose phosphate metabolic process,GO:0019693,0.09754688,1.010786619,89,341,3,39530,"LOC111120050,LOC111131209,LOC111132341"
GO:BP,ribonucleotide metabolic process,GO:0009259,0.09754688,1.010786619,89,341,3,39530,"LOC111120050,LOC111131209,LOC111132341"
GO:BP,purine ribonucleotide biosynthetic process,GO:0009152,0.09754688,1.010786619,62,27,1,39530,LOC111120050
GO:BP,establishment of localization,GO:0051234,0.09754688,1.010786619,1736,355,23,39530,"LOC111119904,LOC111122184,LOC111121901,LOC111122736,LOC111127553,LOC111125040,LOC111130899,LOC111131251,LOC111131321,LOC111129005,LOC111131391,LOC111128921,LOC111129857,LOC111137118,LOC111132157,LOC111136297,LOC111133563,LOC111137319,LOC111137553,LOC111135843,LOC111138064,LOC111132104,LOC111138112"
GO:BP,oligosaccharide metabolic process,GO:0009311,0.09843617,1.006845294,6,287,1,39530,LOC111137731
GO:BP,ribose phosphate biosynthetic process,GO:0046390,0.09843617,1.006845294,65,27,1,39530,LOC111120050
GO:BP,protein lipidation,GO:0006497,0.09843617,1.006845294,39,45,1,39530,LOC111122333
GO:BP,ribonucleotide biosynthetic process,GO:0009260,0.09843617,1.006845294,65,27,1,39530,LOC111120050
GO:BP,lipoprotein biosynthetic process,GO:0042158,0.09843617,1.006845294,39,45,1,39530,LOC111122333
GO:BP,amino sugar metabolic process,GO:0006040,0.09843617,1.006845294,12,144,1,39530,LOC111129477
GO:CC,origin recognition complex,GO:0000808,0.016089046,1.793469699,6,1,1,39530,LOC111131721
GO:CC,TORC2 complex,GO:0031932,0.065505403,1.183722879,4,90,1,39530,LOC111127214
GO:CC,PcG protein complex,GO:0031519,0.065505403,1.183722879,1,403,1,39530,LOC111104148
GO:CC,cytoplasm,GO:0005737,0.065505403,1.183722879,733,355,15,39530,"LOC111136729,LOC111119483,LOC111118550,LOC111131321,LOC111130067,LOC111131212,LOC111130538,LOC111132762,LOC111136310,LOC111132157,LOC111136154,LOC111136241,LOC111138014,LOC111132341,LOC111138112"
GO:CC,chromosome,GO:0005694,0.065505403,1.183722879,262,1,1,39530,LOC111131721
GO:CC,endoplasmic reticulum membrane,GO:0005789,0.065505403,1.183722879,43,452,3,39530,"LOC111136241,LOC111138014,LOC111117872"
GO:CC,endoplasmic reticulum,GO:0005783,0.065505403,1.183722879,83,452,4,39530,"LOC111136241,LOC111138014,LOC111138112,LOC111117872"
GO:CC,nucleus,GO:0005634,0.065505403,1.183722879,725,5,2,39530,"LOC111131721,LOC111136729"
GO:CC,phosphopyruvate hydratase complex,GO:0000015,0.065505403,1.183722879,2,341,1,39530,LOC111132341
GO:CC,cellular_component,GO:0005575,0.065505403,1.183722879,3882,5,3,39530,"LOC111131721,LOC111136736,LOC111136729"
GO:CC,SNARE complex,GO:0031201,0.065505403,1.183722879,2,247,1,39530,LOC111132157
GO:CC,ESC/E(Z) complex,GO:0035098,0.065505403,1.183722879,1,403,1,39530,LOC111104148
GO:CC,endoplasmic reticulum subcompartment,GO:0098827,0.065505403,1.183722879,43,452,3,39530,"LOC111136241,LOC111138014,LOC111117872"
GO:CC,dehydrodolichyl diphosphate synthase complex,GO:1904423,0.065505403,1.183722879,1,402,1,39530,LOC111103307
GO:CC,TOR complex,GO:0038201,0.065505403,1.183722879,6,90,1,39530,LOC111127214
GO:CC,cellular anatomical entity,GO:0110165,0.065505403,1.183722879,3709,5,3,39530,"LOC111131721,LOC111136736,LOC111136729"
GO:CC,oxoglutarate dehydrogenase complex,GO:0045252,0.065505403,1.183722879,3,171,1,39530,LOC111131212
GO:CC,dihydrolipoyl dehydrogenase complex,GO:0045240,0.065505403,1.183722879,3,171,1,39530,LOC111131212
GO:CC,tricarboxylic acid cycle enzyme complex,GO:0045239,0.065505403,1.183722879,4,171,1,39530,LOC111131212
GO:CC,AP-5 adaptor complex,GO:0044599,0.065505403,1.183722879,2,57,1,39530,LOC111118550
GO:CC,intracellular non-membrane-bounded organelle,GO:0043232,0.065505403,1.183722879,684,1,1,39530,LOC111131721
GO:CC,GARP complex,GO:0000938,0.065505403,1.183722879,3,152,1,39530,LOC111131321
GO:CC,nuclear outer membrane-endoplasmic reticulum membrane network,GO:0042175,0.065505403,1.183722879,44,452,3,39530,"LOC111136241,LOC111138014,LOC111117872"
GO:CC,intracellular organelle,GO:0043229,0.065505403,1.183722879,1681,5,2,39530,"LOC111131721,LOC111136729"
GO:CC,non-membrane-bounded organelle,GO:0043228,0.065505403,1.183722879,684,1,1,39530,LOC111131721
GO:CC,membrane-bounded organelle,GO:0043227,0.065505403,1.183722879,1198,5,2,39530,"LOC111131721,LOC111136729"
GO:CC,organelle,GO:0043226,0.065505403,1.183722879,1701,5,2,39530,"LOC111131721,LOC111136729"
GO:CC,intracellular membrane-bounded organelle,GO:0043231,0.065505403,1.183722879,1151,5,2,39530,"LOC111131721,LOC111136729"
GO:CC,membrane,GO:0016020,0.075678479,1.121027606,1663,146,12,39530,"LOC111123632,LOC111122184,LOC111118550,LOC111119790,LOC111119786,LOC111122736,LOC111125192,LOC111125408,LOC111124238,LOC111125040,LOC111130738,LOC111128465"
GO:CC,intracellular anatomical structure,GO:0005622,0.079146034,1.101570842,1968,5,2,39530,"LOC111131721,LOC111136729"
GO:CC,AP-type membrane coat adaptor complex,GO:0030119,0.087688446,1.057057629,18,57,1,39530,LOC111118550
GO:CC,organelle subcompartment,GO:0031984,0.091329966,1.039386705,57,452,3,39530,"LOC111136241,LOC111138014,LOC111117872"
GO:CC,mitochondrial respiratory chain complex IV,GO:0005751,0.093437025,1.029480996,6,194,1,39530,LOC111132762
GO:CC,protein-containing complex,GO:0032991,0.094193115,1.025980841,1206,1,1,39530,LOC111131721
GO:CC,extracellular region,GO:0005576,0.094193115,1.025980841,311,4,1,39530,LOC111136736